fblnPhone,fcurCreditAmount,fcurPercentOfIncome,flngAge,flngDependents,flngExistingLoans,flngMonthsloanDuration,flngYearsAtResidence,fstrCheckingBalance,fstrCreditHistory,fstrEmploymentDuration,fstrHousing,fstrJob,fstrPurpose,fstrSavingsBalance,fblnDefault
1,1169,4,67,1,2,6,4,< 0 DM,critical,> 7 years,own,skilled,furniture/appliances,unknown,0
0,5951,2,22,1,1,48,2,1 - 200 DM,good,1 - 4 years,own,skilled,furniture/appliances,< 100 DM,1
0,2096,2,49,2,1,12,3,unknown,critical,4 - 7 years,own,unskilled,education,< 100 DM,0
0,7882,2,45,2,1,42,4,< 0 DM,good,4 - 7 years,other,skilled,furniture/appliances,< 100 DM,0
0,4870,3,53,2,2,24,4,< 0 DM,poor,1 - 4 years,other,skilled,car,< 100 DM,1
1,9055,2,35,2,1,36,4,unknown,good,1 - 4 years,other,unskilled,education,unknown,0
0,2835,3,53,1,1,24,4,unknown,good,> 7 years,own,skilled,furniture/appliances,500 - 1000 DM,0
1,6948,2,35,1,1,36,2,1 - 200 DM,good,1 - 4 years,rent,management,car,< 100 DM,0
0,3059,2,61,1,1,12,4,unknown,good,4 - 7 years,own,unskilled,furniture/appliances,> 1000 DM,0
0,5234,4,28,1,2,30,2,1 - 200 DM,critical,unemployed,own,management,car,< 100 DM,1
0,1295,3,25,1,1,12,1,1 - 200 DM,good,< 1 year,rent,skilled,car,< 100 DM,1
0,4308,3,24,1,1,48,4,< 0 DM,good,< 1 year,rent,skilled,business,< 100 DM,1
1,1567,1,22,1,1,12,1,1 - 200 DM,good,1 - 4 years,own,skilled,furniture/appliances,< 100 DM,0
0,1199,4,60,1,2,24,4,< 0 DM,critical,> 7 years,own,unskilled,car,< 100 DM,1
0,1403,2,28,1,1,15,4,< 0 DM,good,1 - 4 years,rent,skilled,car,< 100 DM,0
0,1282,4,32,1,1,24,2,< 0 DM,good,1 - 4 years,own,unskilled,furniture/appliances,100 - 500 DM,1
0,2424,4,53,1,2,24,4,unknown,critical,> 7 years,own,skilled,furniture/appliances,unknown,0
0,8072,2,25,1,3,30,3,< 0 DM,perfect,< 1 year,own,skilled,business,unknown,0
1,12579,4,44,1,1,24,2,1 - 200 DM,good,> 7 years,other,management,car,< 100 DM,1
1,3430,3,31,2,1,24,2,unknown,good,> 7 years,own,skilled,furniture/appliances,500 - 1000 DM,0
1,2134,4,48,1,3,9,4,unknown,critical,1 - 4 years,own,skilled,car,< 100 DM,0
0,2647,2,44,2,1,6,3,< 0 DM,good,1 - 4 years,rent,skilled,furniture/appliances,500 - 1000 DM,0
0,2241,1,48,2,2,10,3,< 0 DM,critical,< 1 year,rent,unskilled,car,< 100 DM,0
0,1804,3,44,1,1,12,4,1 - 200 DM,critical,< 1 year,own,skilled,car,100 - 500 DM,0
0,2069,2,26,1,2,10,1,unknown,critical,1 - 4 years,own,skilled,furniture/appliances,unknown,0
1,1374,1,36,1,1,6,2,< 0 DM,good,1 - 4 years,own,unskilled,furniture/appliances,< 100 DM,0
0,426,4,39,1,1,6,4,unknown,perfect,> 7 years,own,unskilled,furniture/appliances,< 100 DM,0
0,409,3,42,1,2,12,3,> 200 DM,very good,1 - 4 years,rent,skilled,furniture/appliances,> 1000 DM,0
0,2415,3,34,1,1,7,2,1 - 200 DM,good,1 - 4 years,own,skilled,furniture/appliances,< 100 DM,0
1,6836,3,63,1,2,60,4,< 0 DM,poor,> 7 years,own,skilled,business,< 100 DM,1
1,1913,3,36,1,1,18,3,1 - 200 DM,good,< 1 year,own,skilled,business,> 1000 DM,0
0,4020,2,27,1,1,24,2,< 0 DM,good,1 - 4 years,own,skilled,furniture/appliances,< 100 DM,0
1,5866,2,30,1,2,18,2,1 - 200 DM,good,1 - 4 years,own,skilled,car,100 - 500 DM,0
0,1264,4,57,1,1,12,4,unknown,critical,> 7 years,rent,unskilled,business,unknown,0
1,1474,4,33,1,1,12,1,> 200 DM,good,< 1 year,own,management,furniture/appliances,< 100 DM,0
0,4746,4,25,1,2,45,2,1 - 200 DM,critical,< 1 year,own,unskilled,furniture/appliances,< 100 DM,1
1,6110,1,31,1,1,48,3,unknown,critical,1 - 4 years,other,skilled,education,< 100 DM,0
0,2100,4,37,1,1,18,2,> 200 DM,good,1 - 4 years,own,skilled,furniture/appliances,< 100 DM,1
1,1225,2,37,1,1,10,2,> 200 DM,good,1 - 4 years,own,skilled,furniture/appliances,< 100 DM,0
0,458,4,24,1,1,9,3,1 - 200 DM,good,1 - 4 years,own,skilled,furniture/appliances,< 100 DM,0
0,2333,4,30,1,1,30,2,unknown,good,> 7 years,own,management,furniture/appliances,500 - 1000 DM,0
1,1158,3,26,1,1,12,1,1 - 200 DM,good,1 - 4 years,own,skilled,furniture/appliances,500 - 1000 DM,0
1,6204,2,44,2,1,18,4,1 - 200 DM,poor,1 - 4 years,own,unskilled,renovations,< 100 DM,0
0,6187,1,24,1,2,30,4,< 0 DM,critical,4 - 7 years,rent,skilled,car,100 - 500 DM,0
0,6143,4,58,1,2,48,4,< 0 DM,critical,> 7 years,other,unskilled,car,< 100 DM,1
0,1393,4,35,1,2,11,4,unknown,critical,< 1 year,own,management,car,< 100 DM,0
0,2299,4,39,1,1,36,4,unknown,good,> 7 years,own,skilled,furniture/appliances,500 - 1000 DM,0
1,1352,1,23,1,1,6,2,< 0 DM,good,unemployed,rent,unemployed,car,500 - 1000 DM,0
0,7228,1,39,1,2,11,4,unknown,critical,1 - 4 years,own,unskilled,car,< 100 DM,0
0,2073,4,28,1,1,12,2,unknown,good,1 - 4 years,own,skilled,furniture/appliances,100 - 500 DM,0
0,2333,4,29,1,1,24,2,1 - 200 DM,poor,< 1 year,own,unskilled,furniture/appliances,unknown,0
1,5965,1,30,1,2,27,2,1 - 200 DM,poor,> 7 years,own,management,car,< 100 DM,0
0,1262,3,25,1,1,12,2,unknown,good,1 - 4 years,own,skilled,furniture/appliances,< 100 DM,0
1,3378,2,31,1,1,18,1,unknown,good,1 - 4 years,own,skilled,car,unknown,0
1,2225,4,57,1,2,36,4,1 - 200 DM,poor,> 7 years,other,skilled,car,< 100 DM,1
0,783,1,26,2,1,6,2,unknown,very good,1 - 4 years,own,unskilled,car,unknown,0
1,6468,2,52,1,1,12,1,1 - 200 DM,good,unemployed,own,management,furniture/appliances,unknown,1
0,9566,2,31,1,2,36,2,unknown,critical,1 - 4 years,own,skilled,furniture/appliances,< 100 DM,0
0,1961,3,23,1,1,18,2,> 200 DM,good,> 7 years,own,management,car,< 100 DM,0
1,6229,4,23,1,2,36,4,< 0 DM,critical,< 1 year,rent,unskilled,furniture/appliances,< 100 DM,1
1,1391,2,27,1,1,9,1,1 - 200 DM,good,1 - 4 years,own,skilled,business,< 100 DM,0
1,1537,4,50,1,2,15,4,1 - 200 DM,critical,> 7 years,own,skilled,furniture/appliances,unknown,0
1,1953,4,61,1,1,36,4,1 - 200 DM,perfect,> 7 years,other,management,business,< 100 DM,1
1,14421,2,25,1,1,48,2,1 - 200 DM,perfect,1 - 4 years,own,skilled,business,< 100 DM,1
1,3181,4,26,1,1,24,4,unknown,good,< 1 year,own,skilled,furniture/appliances,< 100 DM,0
1,5190,4,48,2,4,27,4,unknown,good,> 7 years,own,skilled,renovations,unknown,0
0,2171,2,29,1,1,12,2,unknown,good,< 1 year,own,skilled,furniture/appliances,< 100 DM,0
0,1007,4,22,1,1,12,1,1 - 200 DM,good,1 - 4 years,own,skilled,car,> 1000 DM,0
1,1819,4,37,1,1,36,4,unknown,good,1 - 4 years,other,skilled,education,< 100 DM,1
0,2394,4,25,1,1,36,4,unknown,good,1 - 4 years,own,skilled,furniture/appliances,unknown,0
0,8133,1,30,1,1,36,2,unknown,good,1 - 4 years,own,skilled,car,< 100 DM,0
1,730,4,46,1,2,7,2,unknown,critical,> 7 years,rent,unskilled,furniture/appliances,unknown,0
1,1164,3,51,2,2,8,4,< 0 DM,critical,> 7 years,other,management,car0,< 100 DM,0
0,5954,2,41,1,2,42,1,1 - 200 DM,critical,4 - 7 years,own,unskilled,business,< 100 DM,0
1,1977,4,40,1,1,36,4,< 0 DM,good,> 7 years,own,management,education,unknown,1
0,1526,4,66,1,2,12,4,< 0 DM,critical,> 7 years,other,management,car,< 100 DM,0
0,3965,4,34,1,1,42,3,< 0 DM,good,< 1 year,own,skilled,furniture/appliances,< 100 DM,1
0,4771,2,51,1,1,11,4,1 - 200 DM,poor,4 - 7 years,own,skilled,furniture/appliances,< 100 DM,0
0,9436,2,39,2,1,54,2,unknown,perfect,1 - 4 years,own,unskilled,car,unknown,0
0,3832,2,22,1,1,30,1,1 - 200 DM,good,< 1 year,own,skilled,furniture/appliances,< 100 DM,0
1,5943,1,44,1,2,24,1,unknown,good,< 1 year,own,skilled,furniture/appliances,unknown,1
1,1213,4,47,1,1,15,3,unknown,good,> 7 years,own,skilled,furniture/appliances,500 - 1000 DM,0
0,1568,3,24,1,1,18,4,unknown,good,1 - 4 years,rent,unskilled,business,100 - 500 DM,0
1,1755,4,58,1,1,24,4,< 0 DM,good,> 7 years,own,unskilled,car0,< 100 DM,0
0,2315,3,52,1,1,10,4,< 0 DM,good,> 7 years,own,unskilled,furniture/appliances,< 100 DM,0
1,1412,4,29,1,2,12,2,unknown,critical,1 - 4 years,own,management,business,< 100 DM,0
0,1295,4,27,1,2,18,1,1 - 200 DM,critical,< 1 year,own,skilled,furniture/appliances,< 100 DM,0
1,12612,1,47,2,1,36,4,1 - 200 DM,good,1 - 4 years,other,skilled,education,100 - 500 DM,1
1,2249,4,30,2,1,18,3,< 0 DM,good,4 - 7 years,own,management,car,100 - 500 DM,0
0,1108,4,28,1,2,12,3,< 0 DM,perfect,4 - 7 years,own,skilled,renovations,< 100 DM,1
0,618,4,56,1,1,12,4,unknown,critical,> 7 years,own,skilled,furniture/appliances,< 100 DM,0
0,1409,4,54,1,1,12,3,< 0 DM,critical,> 7 years,own,skilled,car,< 100 DM,0
0,797,4,33,2,1,12,3,unknown,critical,> 7 years,own,unskilled,furniture/appliances,unknown,1
0,3617,4,20,1,2,24,4,> 200 DM,critical,> 7 years,rent,skilled,furniture/appliances,unknown,0
1,1318,4,54,1,1,12,4,1 - 200 DM,good,> 7 years,own,skilled,car,> 1000 DM,0
1,15945,3,58,1,1,54,4,1 - 200 DM,perfect,< 1 year,rent,skilled,business,< 100 DM,1
0,2012,4,61,1,1,12,2,unknown,critical,4 - 7 years,own,skilled,education,unknown,0
0,2622,4,34,1,1,18,4,1 - 200 DM,good,1 - 4 years,own,skilled,business,100 - 500 DM,0
0,2337,4,36,1,1,36,4,1 - 200 DM,critical,> 7 years,own,skilled,furniture/appliances,< 100 DM,0
1,7057,3,36,2,2,20,4,1 - 200 DM,poor,4 - 7 years,rent,management,car,unknown,0
0,1469,4,41,1,1,24,4,unknown,good,> 7 years,rent,unskilled,car,100 - 500 DM,0
0,2323,4,24,1,1,36,4,1 - 200 DM,good,4 - 7 years,rent,skilled,furniture/appliances,< 100 DM,0
0,932,3,24,1,1,6,2,unknown,poor,1 - 4 years,own,skilled,furniture/appliances,< 100 DM,0
1,1919,4,35,1,1,9,3,1 - 200 DM,critical,4 - 7 years,rent,skilled,furniture/appliances,< 100 DM,0
1,2445,2,26,1,1,12,4,unknown,good,< 1 year,rent,skilled,car,unknown,0
1,11938,2,39,2,2,24,3,1 - 200 DM,critical,1 - 4 years,own,management,car0,< 100 DM,1
1,6458,2,39,2,2,18,4,unknown,very good,> 7 years,own,management,car,< 100 DM,1
0,6078,2,32,1,1,12,2,1 - 200 DM,good,4 - 7 years,own,skilled,car,< 100 DM,0
1,7721,1,30,1,1,24,2,< 0 DM,good,< 1 year,own,skilled,furniture/appliances,unknown,0
1,1410,1,35,1,1,14,2,1 - 200 DM,good,> 7 years,own,skilled,business,500 - 1000 DM,0
0,1449,1,31,2,2,6,2,1 - 200 DM,poor,> 7 years,own,skilled,business,100 - 500 DM,0
1,392,4,23,1,1,15,4,> 200 DM,good,< 1 year,rent,skilled,education,< 100 DM,0
0,6260,3,28,1,1,18,3,1 - 200 DM,good,4 - 7 years,rent,unskilled,car,< 100 DM,0
1,7855,4,25,1,2,36,2,unknown,critical,1 - 4 years,own,skilled,car,< 100 DM,1
0,1680,3,35,1,1,12,1,< 0 DM,good,> 7 years,own,skilled,furniture/appliances,500 - 1000 DM,0
1,3578,4,47,1,1,48,1,unknown,critical,> 7 years,own,skilled,furniture/appliances,unknown,0
1,7174,4,30,1,1,42,3,< 0 DM,good,4 - 7 years,own,management,furniture/appliances,unknown,1
0,2132,2,27,1,2,10,3,< 0 DM,critical,< 1 year,rent,skilled,furniture/appliances,unknown,0
0,4281,1,23,1,2,33,4,< 0 DM,critical,1 - 4 years,own,skilled,furniture/appliances,500 - 1000 DM,1
1,2366,3,36,1,1,12,3,1 - 200 DM,critical,4 - 7 years,own,management,car,500 - 1000 DM,0
1,1835,3,25,1,2,21,2,< 0 DM,good,1 - 4 years,own,skilled,furniture/appliances,< 100 DM,1
1,3868,4,41,1,2,24,2,unknown,critical,> 7 years,rent,management,car,< 100 DM,0
0,1768,3,24,1,1,12,2,unknown,good,1 - 4 years,rent,unskilled,furniture/appliances,< 100 DM,0
1,781,4,63,1,2,10,4,> 200 DM,critical,> 7 years,other,skilled,car,< 100 DM,0
0,1924,4,27,1,1,18,3,1 - 200 DM,good,< 1 year,rent,skilled,furniture/appliances,unknown,1
0,2121,4,30,1,2,12,2,< 0 DM,critical,1 - 4 years,own,skilled,car,< 100 DM,0
0,701,4,40,1,1,12,2,< 0 DM,good,1 - 4 years,own,unskilled,furniture/appliances,< 100 DM,0
0,639,4,30,1,1,12,2,1 - 200 DM,good,1 - 4 years,own,skilled,renovations,< 100 DM,1
1,1860,4,34,1,2,12,2,1 - 200 DM,critical,unemployed,own,management,car,< 100 DM,0
0,3499,3,29,1,2,12,2,< 0 DM,critical,1 - 4 years,own,skilled,car,< 100 DM,1
0,8487,1,24,1,1,48,2,1 - 200 DM,good,4 - 7 years,own,skilled,car,unknown,0
1,6887,4,29,1,1,36,3,< 0 DM,poor,1 - 4 years,own,skilled,education,< 100 DM,1
0,2708,2,27,1,2,15,3,unknown,good,< 1 year,own,unskilled,furniture/appliances,< 100 DM,0
0,1984,4,47,1,2,18,4,unknown,good,1 - 4 years,other,skilled,furniture/appliances,< 100 DM,0
1,10144,2,21,1,1,60,4,unknown,good,4 - 7 years,own,skilled,furniture/appliances,100 - 500 DM,0
1,1240,4,38,1,2,12,2,unknown,critical,> 7 years,own,skilled,furniture/appliances,unknown,0
0,8613,2,27,1,2,27,2,unknown,poor,1 - 4 years,own,skilled,car,> 1000 DM,0
0,766,4,66,1,1,12,3,1 - 200 DM,good,1 - 4 years,own,unskilled,furniture/appliances,500 - 1000 DM,1
1,2728,4,35,1,3,15,2,1 - 200 DM,critical,4 - 7 years,own,skilled,furniture/appliances,unknown,0
1,1881,2,44,1,1,12,2,> 200 DM,good,1 - 4 years,rent,unskilled,furniture/appliances,< 100 DM,0
0,709,2,27,1,1,6,2,> 200 DM,good,< 1 year,own,unemployed,car,> 1000 DM,0
1,4795,4,30,1,1,36,1,1 - 200 DM,good,< 1 year,own,management,furniture/appliances,< 100 DM,0
0,3416,3,27,1,1,27,2,< 0 DM,good,1 - 4 years,own,management,furniture/appliances,< 100 DM,0
0,2462,2,22,1,1,18,2,< 0 DM,good,1 - 4 years,own,skilled,furniture/appliances,< 100 DM,1
1,2288,4,23,1,1,21,4,unknown,critical,< 1 year,own,skilled,furniture/appliances,< 100 DM,0
0,3566,4,30,1,1,48,2,1 - 200 DM,very good,4 - 7 years,own,skilled,business,100 - 500 DM,0
1,860,1,39,1,2,6,4,< 0 DM,critical,> 7 years,own,skilled,car,< 100 DM,0
1,682,4,51,1,2,12,3,unknown,critical,4 - 7 years,own,skilled,car,100 - 500 DM,0
0,5371,3,28,1,2,36,2,< 0 DM,critical,1 - 4 years,own,skilled,furniture/appliances,< 100 DM,0
0,1582,4,46,1,2,18,4,unknown,critical,> 7 years,own,skilled,furniture/appliances,> 1000 DM,0
1,1346,2,42,2,1,6,4,unknown,good,> 7 years,other,skilled,furniture/appliances,100 - 500 DM,0
1,1924,1,38,1,1,10,4,unknown,good,1 - 4 years,own,skilled,furniture/appliances,< 100 DM,0
0,5848,4,24,1,1,36,1,> 200 DM,good,1 - 4 years,own,skilled,furniture/appliances,< 100 DM,0
0,7758,2,29,1,1,24,4,1 - 200 DM,critical,> 7 years,rent,skilled,car,> 1000 DM,0
1,6967,4,36,1,1,24,4,1 - 200 DM,poor,4 - 7 years,rent,management,business,100 - 500 DM,0
0,1282,2,20,1,1,12,4,< 0 DM,good,1 - 4 years,rent,skilled,furniture/appliances,< 100 DM,1
0,1288,3,48,2,2,9,4,< 0 DM,critical,> 7 years,own,skilled,renovations,100 - 500 DM,0
0,339,4,45,1,1,12,1,< 0 DM,very good,> 7 years,own,unskilled,education,< 100 DM,0
1,3512,2,38,1,2,24,3,1 - 200 DM,good,4 - 7 years,own,skilled,car,100 - 500 DM,0
0,1898,1,34,2,2,6,2,unknown,critical,1 - 4 years,own,unskilled,furniture/appliances,unknown,0
1,2872,3,36,2,1,24,4,unknown,critical,> 7 years,own,skilled,furniture/appliances,100 - 500 DM,0
0,1055,4,30,1,2,18,1,unknown,critical,< 1 year,own,skilled,car,< 100 DM,0
1,1262,4,36,1,2,15,3,unknown,good,4 - 7 years,own,skilled,furniture/appliances,500 - 1000 DM,0
1,7308,2,70,1,1,10,4,1 - 200 DM,good,unemployed,other,management,car,< 100 DM,0
0,909,4,36,1,1,36,4,unknown,good,> 7 years,own,skilled,car,500 - 1000 DM,0
1,2978,1,32,1,1,6,2,unknown,good,1 - 4 years,own,skilled,furniture/appliances,500 - 1000 DM,0
0,1131,4,33,1,1,18,2,< 0 DM,good,unemployed,own,skilled,furniture/appliances,< 100 DM,1
0,1577,4,20,1,1,11,1,1 - 200 DM,good,< 1 year,own,skilled,furniture/appliances,> 1000 DM,0
1,3972,2,25,1,1,24,4,unknown,good,4 - 7 years,rent,skilled,furniture/appliances,< 100 DM,0
1,1935,4,31,1,2,24,4,1 - 200 DM,critical,> 7 years,own,skilled,business,< 100 DM,1
0,950,4,33,2,2,15,3,< 0 DM,perfect,> 7 years,rent,skilled,car,< 100 DM,1
1,763,4,26,1,1,12,1,unknown,good,1 - 4 years,own,skilled,furniture/appliances,< 100 DM,0
1,2064,3,34,1,1,24,2,1 - 200 DM,poor,unemployed,own,management,furniture/appliances,< 100 DM,1
0,1414,4,33,1,1,8,2,1 - 200 DM,good,1 - 4 years,own,skilled,furniture/appliances,< 100 DM,0
0,3414,2,26,1,2,21,1,< 0 DM,poor,< 1 year,own,skilled,education,< 100 DM,1
1,7485,4,53,1,1,30,1,unknown,very good,unemployed,own,management,car,unknown,1
0,2577,2,42,1,1,12,1,< 0 DM,good,1 - 4 years,own,skilled,furniture/appliances,< 100 DM,0
0,338,4,52,1,2,6,4,< 0 DM,critical,> 7 years,own,skilled,furniture/appliances,500 - 1000 DM,0
1,1963,4,31,2,2,12,2,unknown,good,4 - 7 years,rent,management,furniture/appliances,< 100 DM,0
0,571,4,65,1,2,21,4,< 0 DM,critical,> 7 years,own,skilled,car,< 100 DM,0
0,9572,1,28,1,2,36,1,unknown,poor,< 1 year,own,skilled,business,< 100 DM,1
1,4455,2,30,1,2,36,2,1 - 200 DM,poor,1 - 4 years,own,management,business,< 100 DM,1
0,1647,4,40,2,2,21,2,< 0 DM,very good,1 - 4 years,own,unskilled,car,unknown,1
1,3777,4,50,1,1,24,4,unknown,critical,1 - 4 years,own,skilled,furniture/appliances,> 1000 DM,0
1,884,4,36,2,1,18,4,1 - 200 DM,critical,> 7 years,own,skilled,car,< 100 DM,1
0,1360,4,31,1,2,15,2,unknown,critical,1 - 4 years,own,skilled,furniture/appliances,< 100 DM,0
1,5129,2,74,2,1,9,4,1 - 200 DM,very good,> 7 years,other,management,car,< 100 DM,1
1,1175,2,68,1,3,16,3,1 - 200 DM,critical,unemployed,other,unemployed,car,< 100 DM,0
0,674,4,20,1,1,12,1,< 0 DM,good,4 - 7 years,own,skilled,furniture/appliances,100 - 500 DM,1
1,3244,1,33,1,2,18,4,1 - 200 DM,perfect,1 - 4 years,own,skilled,furniture/appliances,< 100 DM,0
1,4591,2,54,1,3,24,3,unknown,good,1 - 4 years,own,management,business,> 1000 DM,1
0,3844,4,34,2,1,48,4,1 - 200 DM,perfect,4 - 7 years,other,unskilled,business,100 - 500 DM,1
1,3915,4,36,2,1,27,2,1 - 200 DM,good,1 - 4 years,own,skilled,business,< 100 DM,1
0,2108,2,29,1,1,6,2,unknown,good,4 - 7 years,rent,skilled,furniture/appliances,< 100 DM,0
0,3031,4,21,1,1,45,4,1 - 200 DM,good,1 - 4 years,rent,skilled,furniture/appliances,100 - 500 DM,1
1,1501,2,34,1,2,9,3,1 - 200 DM,critical,> 7 years,own,management,education,< 100 DM,1
1,1382,1,28,1,2,6,1,unknown,critical,1 - 4 years,own,skilled,furniture/appliances,< 100 DM,0
0,951,4,27,1,4,12,4,1 - 200 DM,good,< 1 year,rent,skilled,furniture/appliances,100 - 500 DM,1
1,2760,4,36,1,1,24,4,1 - 200 DM,good,> 7 years,other,skilled,car,unknown,0
1,4297,4,40,1,1,18,3,1 - 200 DM,poor,> 7 years,own,management,furniture/appliances,< 100 DM,1
1,936,4,52,1,2,9,2,unknown,critical,> 7 years,own,skilled,education,500 - 1000 DM,0
0,1168,4,27,1,1,12,3,< 0 DM,good,1 - 4 years,own,unskilled,car,< 100 DM,0
0,5117,3,26,1,2,27,4,unknown,poor,4 - 7 years,own,skilled,business,< 100 DM,0
0,902,4,21,1,1,12,4,< 0 DM,good,4 - 7 years,rent,skilled,education,< 100 DM,1
0,1495,4,38,2,2,12,1,unknown,critical,> 7 years,own,unskilled,car,< 100 DM,0
1,10623,3,38,2,3,30,4,< 0 DM,critical,> 7 years,other,management,car,< 100 DM,0
1,1935,4,43,1,3,12,4,unknown,critical,> 7 years,own,skilled,furniture/appliances,< 100 DM,0
0,1424,4,26,1,1,12,3,1 - 200 DM,critical,4 - 7 years,own,skilled,furniture/appliances,< 100 DM,0
0,6568,2,21,1,1,24,2,< 0 DM,good,1 - 4 years,own,unskilled,business,< 100 DM,0
0,1413,3,55,1,1,12,2,unknown,good,4 - 7 years,own,skilled,car,> 1000 DM,0
0,3074,1,33,2,2,9,2,unknown,critical,1 - 4 years,own,skilled,furniture/appliances,unknown,0
1,3835,2,45,1,1,36,4,unknown,good,> 7 years,own,unskilled,furniture/appliances,unknown,0
1,5293,2,50,1,2,27,4,< 0 DM,perfect,unemployed,own,skilled,business,< 100 DM,1
1,1908,4,66,1,1,30,4,> 200 DM,poor,> 7 years,own,management,business,< 100 DM,1
1,3342,4,51,1,1,36,2,unknown,critical,> 7 years,own,skilled,furniture/appliances,unknown,0
0,932,1,39,1,2,6,3,1 - 200 DM,critical,4 - 7 years,own,unskilled,education,unknown,0
1,3104,3,31,1,1,18,1,< 0 DM,perfect,4 - 7 years,own,skilled,business,< 100 DM,0
1,3913,2,23,1,1,36,2,> 200 DM,good,1 - 4 years,own,skilled,furniture/appliances,< 100 DM,0
0,3021,2,24,1,1,24,2,< 0 DM,good,1 - 4 years,rent,unskilled,furniture/appliances,< 100 DM,0
1,1364,2,64,1,1,10,4,unknown,good,1 - 4 years,own,skilled,car,< 100 DM,0
0,625,4,26,1,1,12,1,1 - 200 DM,good,< 1 year,own,unskilled,furniture/appliances,< 100 DM,0
1,1200,4,23,1,1,12,4,< 0 DM,good,1 - 4 years,rent,skilled,education,unknown,0
0,707,4,30,1,2,12,2,unknown,good,1 - 4 years,own,skilled,furniture/appliances,< 100 DM,0
1,2978,4,32,2,2,24,4,unknown,poor,1 - 4 years,own,skilled,business,unknown,0
1,4657,3,30,1,1,15,2,unknown,good,1 - 4 years,own,skilled,car,< 100 DM,0
0,2613,4,27,1,2,36,2,unknown,perfect,1 - 4 years,own,skilled,renovations,< 100 DM,0
1,10961,1,27,1,2,48,2,1 - 200 DM,good,4 - 7 years,own,skilled,furniture/appliances,> 1000 DM,1
1,7865,4,53,1,1,12,4,< 0 DM,good,> 7 years,other,management,furniture/appliances,< 100 DM,1
0,1478,4,22,1,1,9,2,unknown,good,4 - 7 years,own,skilled,furniture/appliances,< 100 DM,1
0,3149,4,22,1,1,24,1,< 0 DM,good,< 1 year,other,skilled,furniture/appliances,< 100 DM,0
0,4210,4,26,1,1,36,2,> 200 DM,good,1 - 4 years,own,skilled,furniture/appliances,< 100 DM,1
0,2507,2,51,1,1,9,4,unknown,good,> 7 years,other,unskilled,car,500 - 1000 DM,0
0,2141,3,35,1,1,12,1,unknown,good,4 - 7 years,own,skilled,furniture/appliances,100 - 500 DM,0
0,866,4,25,1,1,18,2,1 - 200 DM,good,1 - 4 years,own,unskilled,furniture/appliances,< 100 DM,0
0,1544,2,42,2,3,4,1,unknown,critical,4 - 7 years,own,unskilled,furniture/appliances,< 100 DM,0
0,1823,4,30,2,1,24,2,< 0 DM,good,unemployed,own,management,furniture/appliances,< 100 DM,1
1,14555,1,23,1,1,6,2,1 - 200 DM,good,unemployed,own,unemployed,car,unknown,1
0,2767,4,61,1,2,21,2,1 - 200 DM,good,> 7 years,rent,unskilled,business,100 - 500 DM,1
0,1291,4,35,1,2,12,2,unknown,critical,1 - 4 years,own,skilled,furniture/appliances,< 100 DM,0
0,2522,1,39,2,1,30,3,< 0 DM,good,> 7 years,own,skilled,furniture/appliances,< 100 DM,0
0,915,4,29,1,1,24,2,< 0 DM,good,> 7 years,own,skilled,car,unknown,1
0,1595,3,51,2,1,6,2,unknown,good,4 - 7 years,own,skilled,furniture/appliances,< 100 DM,0
0,4605,3,24,2,2,48,4,< 0 DM,perfect,> 7 years,other,skilled,car,< 100 DM,1
0,1185,3,27,1,2,12,2,unknown,critical,1 - 4 years,own,skilled,business,< 100 DM,0
0,3447,4,35,2,1,12,3,unknown,very good,1 - 4 years,own,unskilled,education,500 - 1000 DM,0
1,1258,4,25,1,1,24,1,unknown,good,4 - 7 years,own,skilled,business,< 100 DM,0
0,717,4,52,1,3,12,4,unknown,critical,> 7 years,own,skilled,furniture/appliances,< 100 DM,0
0,1204,4,35,1,1,6,1,unknown,perfect,1 - 4 years,rent,skilled,car,100 - 500 DM,0
0,1925,2,26,1,1,24,2,> 200 DM,good,1 - 4 years,own,skilled,furniture/appliances,< 100 DM,0
0,433,3,22,1,1,18,4,unknown,good,unemployed,rent,skilled,furniture/appliances,< 100 DM,1
1,666,3,39,1,2,6,4,< 0 DM,critical,4 - 7 years,own,unskilled,car,> 1000 DM,0
0,2251,1,46,1,1,12,2,> 200 DM,good,1 - 4 years,own,unskilled,furniture/appliances,< 100 DM,0
0,2150,4,24,1,1,30,2,1 - 200 DM,good,1 - 4 years,own,skilled,car,< 100 DM,1
0,4151,2,35,1,2,24,3,unknown,poor,1 - 4 years,own,skilled,furniture/appliances,100 - 500 DM,0
1,2030,2,24,1,1,9,1,1 - 200 DM,good,4 - 7 years,own,skilled,furniture/appliances,unknown,0
0,7418,1,27,1,1,60,1,1 - 200 DM,poor,1 - 4 years,own,unskilled,furniture/appliances,unknown,0
0,2684,4,35,1,2,24,2,unknown,critical,1 - 4 years,own,unskilled,furniture/appliances,< 100 DM,0
0,2149,4,29,1,1,12,1,< 0 DM,very good,1 - 4 years,other,skilled,furniture/appliances,< 100 DM,1
1,3812,1,23,1,1,15,4,unknown,good,< 1 year,own,skilled,car,100 - 500 DM,0
0,1154,4,57,1,3,11,4,unknown,critical,unemployed,own,unskilled,furniture/appliances,100 - 500 DM,0
0,1657,2,27,1,1,12,2,< 0 DM,good,1 - 4 years,own,skilled,furniture/appliances,< 100 DM,0
0,1603,4,55,1,1,24,4,< 0 DM,good,> 7 years,own,skilled,furniture/appliances,< 100 DM,0
1,5302,2,36,1,3,18,4,< 0 DM,critical,> 7 years,other,management,car,< 100 DM,0
0,2748,2,57,1,3,12,4,unknown,critical,> 7 years,other,unskilled,education,< 100 DM,0
0,1231,3,32,2,2,10,4,unknown,critical,> 7 years,own,unskilled,car,< 100 DM,0
0,802,4,37,2,1,15,3,1 - 200 DM,good,> 7 years,own,skilled,furniture/appliances,< 100 DM,1
0,6304,4,36,1,2,36,4,unknown,critical,> 7 years,own,skilled,business,unknown,0
1,1533,4,38,1,1,24,3,unknown,good,< 1 year,own,skilled,furniture/appliances,< 100 DM,0
1,8978,1,45,1,1,14,4,< 0 DM,good,> 7 years,own,management,car,< 100 DM,1
0,999,4,25,1,2,24,2,unknown,good,> 7 years,own,skilled,furniture/appliances,unknown,0
0,2662,4,32,1,1,18,3,unknown,good,4 - 7 years,own,skilled,car,unknown,0
1,1402,3,37,1,1,12,4,unknown,critical,4 - 7 years,rent,skilled,furniture/appliances,500 - 1000 DM,0
1,12169,4,36,1,1,48,4,1 - 200 DM,very good,unemployed,other,management,car,unknown,0
0,3060,4,28,1,2,48,4,1 - 200 DM,good,4 - 7 years,own,skilled,furniture/appliances,< 100 DM,1
1,11998,1,34,1,1,30,1,< 0 DM,good,< 1 year,own,unskilled,renovations,< 100 DM,1
0,2697,1,32,2,1,9,2,unknown,good,1 - 4 years,own,skilled,furniture/appliances,< 100 DM,0
0,2404,2,26,1,2,18,2,unknown,critical,1 - 4 years,own,skilled,furniture/appliances,< 100 DM,0
1,1262,2,49,1,1,12,4,< 0 DM,good,> 7 years,own,unskilled,furniture/appliances,unknown,0
0,4611,1,32,1,1,6,4,unknown,good,< 1 year,own,skilled,furniture/appliances,< 100 DM,1
1,1901,4,29,1,1,24,4,unknown,good,1 - 4 years,rent,management,furniture/appliances,100 - 500 DM,0
1,3368,3,23,1,2,15,4,unknown,critical,> 7 years,rent,skilled,car,> 1000 DM,0
0,1574,4,50,1,1,12,2,unknown,good,1 - 4 years,own,skilled,furniture/appliances,< 100 DM,0
0,1445,4,49,1,1,18,4,> 200 DM,very good,4 - 7 years,own,unskilled,furniture/appliances,unknown,0
0,1520,4,63,1,1,15,4,unknown,critical,> 7 years,own,skilled,furniture/appliances,unknown,0
1,3878,4,37,1,1,24,2,1 - 200 DM,critical,< 1 year,own,skilled,car,100 - 500 DM,0
1,10722,1,35,1,1,47,1,< 0 DM,good,< 1 year,own,unskilled,car,< 100 DM,0
0,4788,4,26,2,1,48,3,< 0 DM,good,4 - 7 years,own,skilled,car,< 100 DM,0
1,7582,2,31,1,1,48,4,1 - 200 DM,poor,unemployed,other,management,car0,100 - 500 DM,0
1,1092,4,49,1,2,12,4,1 - 200 DM,good,1 - 4 years,own,skilled,furniture/appliances,< 100 DM,0
0,1024,4,48,1,1,24,4,< 0 DM,poor,< 1 year,own,skilled,furniture/appliances,< 100 DM,1
1,1076,2,26,1,1,12,2,unknown,good,1 - 4 years,own,skilled,business,< 100 DM,0
1,9398,1,28,1,1,36,4,1 - 200 DM,good,< 1 year,rent,management,car,< 100 DM,1
1,6419,2,44,2,2,24,4,< 0 DM,critical,> 7 years,other,management,car,< 100 DM,0
0,4796,4,56,1,1,42,4,> 200 DM,critical,> 7 years,other,skilled,car,< 100 DM,0
0,7629,4,46,2,2,48,2,unknown,critical,> 7 years,own,management,business,unknown,0
1,9960,1,26,1,1,48,2,1 - 200 DM,good,< 1 year,own,skilled,furniture/appliances,< 100 DM,1
0,4675,1,20,1,1,12,4,unknown,good,< 1 year,rent,skilled,car,unknown,0
0,1287,4,45,1,1,10,2,unknown,good,> 7 years,own,unskilled,car,unknown,0
1,2515,3,43,1,1,18,4,unknown,good,1 - 4 years,own,skilled,furniture/appliances,< 100 DM,0
1,2745,3,32,1,2,21,2,1 - 200 DM,critical,4 - 7 years,own,skilled,furniture/appliances,> 1000 DM,0
1,672,1,54,1,1,6,4,unknown,good,unemployed,own,unemployed,car,< 100 DM,0
1,3804,4,42,1,1,36,1,1 - 200 DM,perfect,1 - 4 years,own,skilled,furniture/appliances,< 100 DM,1
0,1344,4,37,2,2,24,2,> 200 DM,critical,4 - 7 years,own,unskilled,car,unknown,1
1,1038,4,49,1,2,10,3,< 0 DM,critical,4 - 7 years,own,skilled,car,< 100 DM,0
0,10127,2,44,1,1,48,2,unknown,critical,1 - 4 years,other,skilled,car,500 - 1000 DM,1
0,1543,4,33,1,1,6,2,unknown,good,1 - 4 years,own,skilled,furniture/appliances,> 1000 DM,0
0,4811,2,24,1,1,30,4,unknown,good,4 - 7 years,rent,unskilled,car,unknown,0
1,727,4,33,1,1,12,3,< 0 DM,good,< 1 year,own,unskilled,furniture/appliances,100 - 500 DM,1
0,1237,3,24,1,1,8,4,1 - 200 DM,good,1 - 4 years,own,skilled,furniture/appliances,< 100 DM,1
0,276,4,22,1,1,9,4,1 - 200 DM,good,1 - 4 years,rent,unskilled,car,< 100 DM,0
1,5381,3,40,1,1,48,4,1 - 200 DM,good,unemployed,other,unemployed,car0,unknown,0
0,5511,4,25,1,1,24,1,unknown,good,1 - 4 years,own,skilled,furniture/appliances,100 - 500 DM,0
0,3749,2,26,1,1,24,4,> 200 DM,good,< 1 year,own,skilled,furniture/appliances,< 100 DM,0
0,685,2,25,1,1,12,3,1 - 200 DM,good,4 - 7 years,own,unskilled,car,< 100 DM,1
0,1494,1,29,2,1,4,2,> 200 DM,good,< 1 year,own,unskilled,car,unknown,0
0,2746,4,31,1,1,36,4,< 0 DM,very good,> 7 years,own,skilled,furniture/appliances,< 100 DM,1
0,708,2,38,2,1,12,3,< 0 DM,good,1 - 4 years,own,unskilled,furniture/appliances,< 100 DM,0
1,4351,1,48,1,1,24,4,1 - 200 DM,good,1 - 4 years,own,unskilled,furniture/appliances,unknown,0
0,701,4,32,1,2,12,2,unknown,critical,1 - 4 years,own,skilled,education,< 100 DM,0
0,3643,1,27,1,2,15,4,< 0 DM,poor,> 7 years,own,unskilled,furniture/appliances,< 100 DM,0
0,4249,4,28,1,2,30,2,1 - 200 DM,critical,unemployed,own,management,car,< 100 DM,1
0,1938,4,32,1,1,24,3,< 0 DM,good,< 1 year,own,skilled,furniture/appliances,< 100 DM,1
1,2910,2,34,1,1,24,1,< 0 DM,good,4 - 7 years,other,management,car,< 100 DM,0
0,2659,4,28,1,1,18,2,< 0 DM,good,1 - 4 years,own,skilled,furniture/appliances,> 1000 DM,0
0,1028,4,36,1,2,18,3,unknown,critical,1 - 4 years,own,skilled,car,< 100 DM,0
0,3398,1,39,1,2,8,4,< 0 DM,critical,4 - 7 years,own,unskilled,car,< 100 DM,0
1,5801,2,49,1,1,12,4,unknown,critical,> 7 years,rent,skilled,furniture/appliances,unknown,0
1,1525,4,34,2,1,24,3,unknown,good,4 - 7 years,own,skilled,car,> 1000 DM,0
0,4473,4,31,1,1,36,2,> 200 DM,good,> 7 years,own,skilled,furniture/appliances,< 100 DM,0
0,5179,4,29,1,1,36,2,< 0 DM,good,4 - 7 years,own,skilled,furniture/appliances,< 100 DM,1
0,2993,3,28,1,2,21,2,unknown,poor,1 - 4 years,own,unskilled,car,< 100 DM,0
0,1943,4,23,1,1,18,4,unknown,good,< 1 year,own,skilled,renovations,< 100 DM,1
1,1559,4,50,1,1,24,4,unknown,very good,4 - 7 years,own,skilled,business,< 100 DM,0
1,3422,4,47,2,3,18,4,unknown,good,> 7 years,own,skilled,furniture/appliances,< 100 DM,0
1,3976,2,35,1,1,21,3,1 - 200 DM,good,4 - 7 years,own,skilled,furniture/appliances,unknown,0
0,6761,2,68,1,2,18,4,unknown,good,1 - 4 years,rent,skilled,car,unknown,1
0,1249,4,28,1,1,24,2,unknown,good,< 1 year,own,skilled,car,< 100 DM,0
0,1364,3,59,1,1,9,4,< 0 DM,good,4 - 7 years,own,skilled,furniture/appliances,< 100 DM,0
0,709,4,57,1,1,12,4,< 0 DM,good,> 7 years,own,unskilled,furniture/appliances,< 100 DM,1
0,2235,4,33,1,2,20,2,< 0 DM,critical,1 - 4 years,rent,skilled,car,< 100 DM,1
1,4042,3,43,1,2,24,4,unknown,critical,4 - 7 years,own,skilled,car,unknown,0
1,1471,4,35,1,2,15,4,unknown,critical,1 - 4 years,other,skilled,furniture/appliances,< 100 DM,0
0,1442,4,32,2,2,18,4,< 0 DM,very good,4 - 7 years,other,unskilled,car,< 100 DM,1
1,10875,2,45,2,2,36,2,unknown,poor,> 7 years,own,skilled,car,< 100 DM,0
1,1474,4,33,1,1,24,3,unknown,good,< 1 year,own,skilled,car,100 - 500 DM,0
1,894,4,40,1,1,10,3,unknown,good,4 - 7 years,own,skilled,education,unknown,0
1,3343,4,28,1,1,15,2,unknown,critical,1 - 4 years,other,skilled,furniture/appliances,< 100 DM,0
1,3959,3,29,1,1,15,2,< 0 DM,good,1 - 4 years,own,skilled,car,< 100 DM,1
0,3577,1,26,2,1,9,2,unknown,good,1 - 4 years,rent,skilled,car,100 - 500 DM,0
0,5804,4,27,1,2,24,2,unknown,critical,1 - 4 years,own,skilled,car,> 1000 DM,0
1,2169,4,28,1,1,18,2,unknown,poor,1 - 4 years,own,skilled,business,< 100 DM,1
1,2439,4,35,1,1,24,4,< 0 DM,good,< 1 year,own,skilled,furniture/appliances,< 100 DM,1
1,4526,4,32,2,2,27,2,unknown,critical,< 1 year,own,unskilled,furniture/appliances,> 1000 DM,0
0,2210,2,25,1,1,10,2,unknown,good,1 - 4 years,rent,unskilled,furniture/appliances,< 100 DM,1
0,2221,2,20,1,1,15,4,unknown,good,1 - 4 years,rent,skilled,furniture/appliances,500 - 1000 DM,0
0,2389,4,27,1,1,18,1,< 0 DM,good,< 1 year,own,skilled,furniture/appliances,< 100 DM,0
0,3331,2,42,1,1,12,4,unknown,critical,> 7 years,own,skilled,furniture/appliances,< 100 DM,0
0,7409,3,37,1,2,36,2,unknown,good,> 7 years,own,skilled,business,unknown,0
0,652,4,24,1,1,12,4,< 0 DM,good,> 7 years,rent,skilled,furniture/appliances,< 100 DM,0
1,7678,2,40,1,2,36,4,unknown,poor,4 - 7 years,own,skilled,furniture/appliances,500 - 1000 DM,0
0,1343,1,46,2,2,6,4,> 200 DM,critical,> 7 years,own,skilled,car,< 100 DM,0
1,1382,4,26,1,2,24,1,< 0 DM,critical,4 - 7 years,own,skilled,business,100 - 500 DM,0
0,874,4,24,1,1,15,1,unknown,good,< 1 year,own,skilled,furniture/appliances,unknown,0
0,3590,2,29,2,1,12,2,< 0 DM,good,1 - 4 years,own,unskilled,furniture/appliances,< 100 DM,0
0,1322,4,40,1,2,11,4,1 - 200 DM,critical,1 - 4 years,own,skilled,car,> 1000 DM,0
1,1940,3,36,1,1,18,4,< 0 DM,very good,< 1 year,other,management,furniture/appliances,< 100 DM,0
0,3595,4,28,1,1,36,2,unknown,good,> 7 years,own,skilled,furniture/appliances,< 100 DM,0
1,1422,3,27,1,1,9,2,< 0 DM,good,< 1 year,other,management,car,< 100 DM,1
0,6742,2,36,1,2,30,3,unknown,critical,4 - 7 years,own,skilled,furniture/appliances,unknown,0
1,7814,3,38,1,1,24,3,unknown,good,4 - 7 years,own,management,car,< 100 DM,0
1,9277,2,48,1,1,24,4,unknown,good,1 - 4 years,other,skilled,car,unknown,0
0,2181,4,36,1,2,30,4,1 - 200 DM,critical,> 7 years,own,skilled,car,unknown,0
0,1098,4,65,1,2,18,4,unknown,critical,unemployed,own,unemployed,furniture/appliances,< 100 DM,0
1,4057,3,43,1,1,24,3,1 - 200 DM,good,4 - 7 years,own,skilled,furniture/appliances,< 100 DM,1
0,795,4,53,1,1,12,4,< 0 DM,good,< 1 year,own,skilled,education,< 100 DM,1
1,2825,4,34,2,2,24,3,1 - 200 DM,critical,4 - 7 years,own,skilled,business,unknown,0
1,15672,2,23,1,1,48,2,1 - 200 DM,good,1 - 4 years,own,skilled,business,< 100 DM,1
1,6614,4,34,1,2,36,4,unknown,critical,> 7 years,own,management,car,< 100 DM,0
1,7824,3,40,2,2,28,4,unknown,very good,< 1 year,rent,skilled,car,unknown,0
1,2442,4,43,2,4,27,4,< 0 DM,critical,> 7 years,own,management,business,< 100 DM,0
1,1829,4,46,1,2,15,4,unknown,critical,> 7 years,own,skilled,furniture/appliances,< 100 DM,0
0,2171,4,38,1,2,12,4,< 0 DM,critical,1 - 4 years,own,unskilled,car,< 100 DM,0
1,5800,3,34,1,2,36,4,1 - 200 DM,critical,1 - 4 years,own,skilled,car,< 100 DM,0
1,1169,4,29,1,2,18,3,unknown,critical,1 - 4 years,own,skilled,furniture/appliances,unknown,0
1,8947,3,31,2,1,36,2,unknown,poor,4 - 7 years,own,management,car,unknown,0
1,2606,4,28,1,1,21,4,< 0 DM,good,< 1 year,rent,management,furniture/appliances,< 100 DM,0
0,1592,3,35,1,1,12,2,unknown,critical,4 - 7 years,own,skilled,furniture/appliances,> 1000 DM,0
0,2186,1,33,1,1,15,4,unknown,good,4 - 7 years,rent,unskilled,furniture/appliances,unknown,0
0,4153,2,42,1,1,18,3,< 0 DM,good,1 - 4 years,own,skilled,furniture/appliances,< 100 DM,1
1,2625,2,43,1,1,16,4,< 0 DM,critical,> 7 years,rent,skilled,car,< 100 DM,1
1,3485,2,44,1,2,20,4,unknown,critical,< 1 year,own,skilled,car,unknown,0
0,10477,2,42,1,2,36,4,unknown,critical,> 7 years,other,skilled,car,unknown,0
1,1386,4,40,1,1,15,2,unknown,good,1 - 4 years,rent,skilled,furniture/appliances,unknown,0
1,1278,4,36,1,1,24,1,unknown,good,> 7 years,own,management,furniture/appliances,< 100 DM,0
1,1107,2,20,2,1,12,2,< 0 DM,good,1 - 4 years,rent,management,furniture/appliances,< 100 DM,0
0,3763,2,24,1,1,21,2,< 0 DM,good,4 - 7 years,own,unskilled,car,unknown,0
0,3711,2,27,1,1,36,2,1 - 200 DM,good,1 - 4 years,own,skilled,education,unknown,0
0,3594,1,46,1,2,15,2,unknown,poor,< 1 year,own,unskilled,car,< 100 DM,0
0,3195,1,33,1,1,9,2,1 - 200 DM,good,1 - 4 years,own,unskilled,car,unknown,0
0,4454,4,34,1,2,36,4,unknown,poor,1 - 4 years,own,skilled,furniture/appliances,< 100 DM,0
0,4736,2,25,1,1,24,4,1 - 200 DM,critical,< 1 year,own,unskilled,furniture/appliances,< 100 DM,1
0,2991,2,25,1,1,30,4,1 - 200 DM,good,> 7 years,own,skilled,furniture/appliances,unknown,0
1,2142,1,28,1,1,11,2,unknown,good,> 7 years,own,skilled,business,> 1000 DM,0
1,3161,4,31,1,1,24,2,< 0 DM,very good,1 - 4 years,rent,skilled,business,< 100 DM,1
1,18424,1,32,1,1,48,2,1 - 200 DM,perfect,1 - 4 years,own,management,car0,< 100 DM,1
0,2848,1,32,2,1,10,2,unknown,good,1 - 4 years,own,skilled,car,100 - 500 DM,0
1,14896,1,68,1,1,6,4,< 0 DM,good,> 7 years,own,management,car,< 100 DM,1
0,2359,1,33,1,1,24,1,< 0 DM,good,unemployed,own,skilled,furniture/appliances,100 - 500 DM,1
1,3345,4,39,1,1,24,2,< 0 DM,good,> 7 years,rent,management,furniture/appliances,< 100 DM,1
0,1817,4,28,1,2,18,2,unknown,critical,1 - 4 years,own,skilled,furniture/appliances,< 100 DM,0
1,12749,4,37,1,1,48,1,unknown,poor,4 - 7 years,own,management,furniture/appliances,500 - 1000 DM,0
0,1366,3,22,1,1,9,4,< 0 DM,good,< 1 year,rent,skilled,furniture/appliances,< 100 DM,1
1,2002,3,30,2,1,12,4,1 - 200 DM,good,4 - 7 years,rent,skilled,car,< 100 DM,0
1,6872,2,55,1,1,24,1,< 0 DM,very good,< 1 year,own,skilled,furniture/appliances,< 100 DM,1
1,697,4,46,1,2,12,2,< 0 DM,very good,< 1 year,own,skilled,car,< 100 DM,1
0,1049,4,21,1,1,18,4,< 0 DM,critical,< 1 year,rent,skilled,furniture/appliances,< 100 DM,0
1,10297,4,39,2,3,48,4,< 0 DM,good,4 - 7 years,other,skilled,car,< 100 DM,1
1,1867,4,58,1,1,30,4,unknown,good,> 7 years,own,skilled,furniture/appliances,unknown,0
0,1344,4,43,2,2,12,2,< 0 DM,poor,1 - 4 years,own,unskilled,car,< 100 DM,0
0,1747,4,24,1,1,24,1,< 0 DM,good,< 1 year,own,unskilled,furniture/appliances,< 100 DM,0
1,1670,4,22,1,1,9,2,1 - 200 DM,good,< 1 year,own,skilled,furniture/appliances,< 100 DM,1
0,1224,3,30,1,2,9,1,unknown,critical,1 - 4 years,own,skilled,car,< 100 DM,0
1,522,4,42,2,2,12,4,unknown,critical,> 7 years,own,skilled,furniture/appliances,500 - 1000 DM,0
0,1498,4,23,1,1,12,1,< 0 DM,good,1 - 4 years,own,skilled,furniture/appliances,< 100 DM,0
0,1919,4,30,1,2,30,3,1 - 200 DM,poor,< 1 year,own,management,furniture/appliances,100 - 500 DM,1
0,745,3,28,1,1,9,2,> 200 DM,good,1 - 4 years,own,unskilled,furniture/appliances,< 100 DM,1
1,2063,4,30,1,1,6,3,1 - 200 DM,good,< 1 year,rent,management,furniture/appliances,< 100 DM,0
0,6288,4,42,1,1,60,4,1 - 200 DM,good,1 - 4 years,other,skilled,education,< 100 DM,1
1,6842,2,46,2,2,24,4,unknown,critical,1 - 4 years,own,management,car,unknown,0
1,3527,2,45,2,1,12,3,unknown,good,< 1 year,own,management,car,unknown,0
0,1546,3,31,2,1,10,2,unknown,good,1 - 4 years,own,unskilled,car,< 100 DM,0
1,929,4,31,1,1,24,2,unknown,good,4 - 7 years,own,skilled,furniture/appliances,unknown,0
0,1455,2,42,2,3,4,1,unknown,critical,4 - 7 years,own,unskilled,car,< 100 DM,0
0,1845,4,46,1,1,15,1,< 0 DM,good,< 1 year,rent,skilled,furniture/appliances,< 100 DM,0
0,8358,1,30,1,2,48,1,1 - 200 DM,perfect,< 1 year,own,skilled,car,500 - 1000 DM,0
1,3349,4,30,2,1,24,4,< 0 DM,very good,< 1 year,other,skilled,furniture/appliances,500 - 1000 DM,1
1,2859,4,38,1,1,12,4,unknown,good,unemployed,own,management,car,unknown,0
0,1533,4,43,2,1,18,1,unknown,good,< 1 year,own,unskilled,furniture/appliances,< 100 DM,1
0,3621,2,31,1,2,24,4,unknown,good,> 7 years,own,skilled,furniture/appliances,100 - 500 DM,1
1,3590,3,40,2,3,18,3,1 - 200 DM,critical,unemployed,own,unemployed,business,< 100 DM,0
1,2145,2,24,1,2,36,1,< 0 DM,poor,4 - 7 years,own,skilled,business,< 100 DM,1
0,4113,3,28,1,1,24,4,1 - 200 DM,good,< 1 year,rent,skilled,car,500 - 1000 DM,1
1,10974,4,26,1,2,36,2,unknown,good,unemployed,own,management,furniture/appliances,< 100 DM,1
1,1893,4,29,1,1,12,4,< 0 DM,good,1 - 4 years,own,skilled,car,< 100 DM,0
1,1231,4,57,1,2,24,4,< 0 DM,critical,> 7 years,rent,management,furniture/appliances,> 1000 DM,0
0,3656,4,49,1,2,30,4,> 200 DM,critical,> 7 years,own,unskilled,furniture/appliances,unknown,0
0,1154,2,37,1,3,9,4,1 - 200 DM,critical,> 7 years,own,unskilled,furniture/appliances,< 100 DM,0
0,4006,3,45,1,1,28,2,< 0 DM,good,1 - 4 years,own,unskilled,car,< 100 DM,1
0,3069,4,30,1,1,24,4,1 - 200 DM,good,> 7 years,other,skilled,furniture/appliances,100 - 500 DM,0
0,1740,2,30,1,2,6,2,unknown,critical,> 7 years,rent,skilled,furniture/appliances,< 100 DM,0
0,2353,1,47,1,2,21,4,1 - 200 DM,poor,1 - 4 years,own,skilled,car,< 100 DM,0
0,3556,3,29,1,1,15,2,unknown,good,1 - 4 years,own,skilled,car,unknown,0
1,2397,3,35,1,2,24,2,unknown,good,> 7 years,own,skilled,furniture/appliances,500 - 1000 DM,1
0,454,3,22,1,1,6,1,1 - 200 DM,good,< 1 year,own,unskilled,renovations,< 100 DM,0
0,1715,4,26,1,1,30,1,1 - 200 DM,good,1 - 4 years,own,skilled,furniture/appliances,unknown,0
0,2520,4,23,1,2,27,2,1 - 200 DM,critical,1 - 4 years,own,unskilled,furniture/appliances,500 - 1000 DM,1
1,3568,4,54,1,1,15,2,unknown,good,> 7 years,rent,management,furniture/appliances,< 100 DM,0
1,7166,2,29,1,1,42,4,unknown,good,4 - 7 years,rent,skilled,furniture/appliances,unknown,0
0,3939,1,40,2,2,11,2,< 0 DM,critical,1 - 4 years,own,unskilled,car,< 100 DM,0
0,1514,4,22,1,1,15,2,1 - 200 DM,good,1 - 4 years,own,skilled,renovations,100 - 500 DM,0
0,7393,1,43,2,1,24,4,unknown,good,1 - 4 years,own,unskilled,car,< 100 DM,0
0,1193,1,29,1,2,24,4,< 0 DM,very good,unemployed,rent,unemployed,car,< 100 DM,1
0,7297,4,36,1,1,60,4,< 0 DM,good,> 7 years,rent,skilled,business,< 100 DM,1
1,2831,4,33,1,1,30,2,unknown,critical,1 - 4 years,own,skilled,furniture/appliances,< 100 DM,0
0,1258,3,57,1,1,24,3,> 200 DM,good,1 - 4 years,own,unskilled,furniture/appliances,500 - 1000 DM,0
0,753,2,64,1,1,6,3,1 - 200 DM,good,1 - 4 years,own,skilled,furniture/appliances,< 100 DM,0
0,2427,4,42,1,2,18,2,1 - 200 DM,poor,> 7 years,own,skilled,business,unknown,0
0,2538,4,47,2,2,24,4,unknown,poor,> 7 years,own,unskilled,car,< 100 DM,1
0,1264,2,25,1,1,15,2,1 - 200 DM,very good,1 - 4 years,rent,skilled,car,100 - 500 DM,1
0,8386,2,49,1,1,30,2,1 - 200 DM,critical,4 - 7 years,own,skilled,furniture/appliances,< 100 DM,1
1,4844,3,33,1,1,48,2,unknown,good,unemployed,rent,management,business,< 100 DM,1
1,2923,1,28,1,1,21,1,> 200 DM,good,1 - 4 years,own,management,car,100 - 500 DM,0
0,8229,2,26,2,1,36,2,< 0 DM,good,1 - 4 years,own,skilled,car,< 100 DM,1
0,2028,2,30,1,2,24,2,unknown,critical,4 - 7 years,own,unskilled,furniture/appliances,< 100 DM,0
0,1433,4,25,1,2,15,3,< 0 DM,critical,1 - 4 years,rent,skilled,furniture/appliances,< 100 DM,0
0,6289,2,33,1,2,42,1,> 200 DM,perfect,< 1 year,own,skilled,business,< 100 DM,0
0,1409,2,64,1,1,13,4,unknown,good,unemployed,own,skilled,furniture/appliances,100 - 500 DM,0
1,6579,4,29,1,1,24,2,< 0 DM,good,unemployed,other,management,car,< 100 DM,0
0,1743,4,48,1,2,24,2,1 - 200 DM,critical,> 7 years,own,unskilled,furniture/appliances,< 100 DM,0
0,3565,2,37,2,2,12,1,unknown,critical,< 1 year,own,unskilled,education,unknown,0
0,1569,4,34,2,1,15,4,unknown,very good,> 7 years,own,unskilled,furniture/appliances,100 - 500 DM,0
0,1936,2,23,1,2,18,4,< 0 DM,good,4 - 7 years,rent,unskilled,furniture/appliances,unknown,0
1,3959,4,30,1,1,36,3,< 0 DM,good,unemployed,own,management,furniture/appliances,< 100 DM,0
1,2390,4,50,1,1,12,3,unknown,good,> 7 years,own,skilled,car,unknown,0
0,1736,3,31,1,1,12,4,unknown,good,4 - 7 years,own,unskilled,furniture/appliances,< 100 DM,0
1,3857,4,40,1,1,30,4,< 0 DM,good,1 - 4 years,own,management,car,< 100 DM,0
0,804,4,38,1,1,12,4,unknown,good,> 7 years,own,skilled,furniture/appliances,< 100 DM,0
1,1845,4,23,1,1,45,4,< 0 DM,good,1 - 4 years,other,skilled,furniture/appliances,< 100 DM,1
0,4576,3,27,1,1,45,4,1 - 200 DM,critical,unemployed,own,skilled,car,100 - 500 DM,0
0,1068,4,28,2,1,6,4,1 - 200 DM,good,> 7 years,own,skilled,furniture/appliances,< 100 DM,0
1,6615,2,75,1,2,24,4,< 0 DM,critical,unemployed,other,management,car,< 100 DM,0
0,1864,4,30,1,2,18,2,unknown,critical,1 - 4 years,own,skilled,education,100 - 500 DM,1
0,7408,4,24,1,1,60,2,1 - 200 DM,good,< 1 year,own,management,car,100 - 500 DM,1
0,11590,2,24,1,2,48,4,unknown,critical,1 - 4 years,rent,unskilled,car,100 - 500 DM,1
0,4110,3,23,2,2,24,4,< 0 DM,perfect,> 7 years,rent,skilled,furniture/appliances,< 100 DM,1
1,3384,1,44,1,1,6,4,< 0 DM,critical,1 - 4 years,rent,management,furniture/appliances,< 100 DM,1
0,2101,2,23,1,1,13,4,1 - 200 DM,good,< 1 year,own,unskilled,furniture/appliances,< 100 DM,0
0,1275,4,24,1,1,15,2,< 0 DM,good,1 - 4 years,rent,skilled,furniture/appliances,unknown,1
0,4169,4,28,1,1,24,4,< 0 DM,good,1 - 4 years,own,skilled,furniture/appliances,< 100 DM,0
0,1521,4,31,1,1,10,2,1 - 200 DM,good,1 - 4 years,own,unskilled,furniture/appliances,< 100 DM,0
1,5743,2,24,1,2,24,4,1 - 200 DM,critical,< 1 year,other,skilled,education,< 100 DM,0
0,3599,1,26,1,1,21,4,< 0 DM,good,4 - 7 years,rent,unskilled,furniture/appliances,< 100 DM,0
0,3213,1,25,1,1,18,3,1 - 200 DM,good,< 1 year,rent,skilled,furniture/appliances,500 - 1000 DM,0
1,4439,1,33,1,1,18,1,1 - 200 DM,good,> 7 years,own,management,business,< 100 DM,0
0,3949,1,37,2,1,10,1,> 200 DM,good,< 1 year,own,unskilled,car,< 100 DM,0
0,1459,4,43,1,1,15,2,unknown,critical,1 - 4 years,own,unskilled,furniture/appliances,< 100 DM,0
0,882,4,23,1,2,13,4,1 - 200 DM,critical,< 1 year,own,skilled,furniture/appliances,< 100 DM,0
0,3758,1,23,1,1,24,4,1 - 200 DM,good,unemployed,rent,unemployed,furniture/appliances,500 - 1000 DM,0
0,1743,1,34,1,2,6,2,unknown,poor,1 - 4 years,own,unskilled,business,100 - 500 DM,0
0,1136,4,32,2,2,9,3,1 - 200 DM,critical,> 7 years,other,skilled,education,> 1000 DM,1
1,1236,1,23,1,1,9,4,unknown,good,< 1 year,rent,skilled,furniture/appliances,< 100 DM,0
0,959,1,29,1,1,9,2,1 - 200 DM,good,1 - 4 years,own,skilled,furniture/appliances,< 100 DM,1
1,3229,2,38,1,1,18,4,unknown,critical,unemployed,own,management,car,unknown,0
1,6199,4,28,1,2,12,2,< 0 DM,perfect,1 - 4 years,rent,skilled,furniture/appliances,< 100 DM,1
1,727,4,46,1,1,10,4,unknown,good,> 7 years,other,skilled,education,500 - 1000 DM,0
0,1246,4,23,1,1,24,2,1 - 200 DM,good,< 1 year,own,unskilled,car,< 100 DM,1
1,2331,1,49,1,1,12,4,unknown,critical,> 7 years,own,skilled,furniture/appliances,unknown,0
1,4463,4,26,1,2,36,2,unknown,poor,1 - 4 years,own,management,furniture/appliances,< 100 DM,1
0,776,4,28,1,1,12,2,unknown,good,1 - 4 years,own,skilled,furniture/appliances,< 100 DM,0
0,2406,4,23,1,1,30,4,< 0 DM,good,4 - 7 years,rent,skilled,furniture/appliances,< 100 DM,1
0,1239,4,61,1,1,18,4,1 - 200 DM,good,1 - 4 years,other,skilled,education,unknown,0
0,3399,2,37,1,1,12,3,> 200 DM,good,> 7 years,own,management,furniture/appliances,unknown,0
1,2247,2,36,1,2,12,2,> 200 DM,poor,1 - 4 years,own,skilled,car,< 100 DM,0
0,1766,1,21,1,1,6,2,unknown,good,1 - 4 years,rent,skilled,furniture/appliances,< 100 DM,0
0,2473,4,25,1,1,18,1,< 0 DM,good,unemployed,own,unemployed,furniture/appliances,< 100 DM,1
1,1542,2,36,1,1,12,4,unknown,good,4 - 7 years,own,skilled,business,< 100 DM,0
0,3850,3,27,1,2,18,1,unknown,critical,4 - 7 years,own,skilled,car,< 100 DM,0
0,3650,1,22,1,1,18,4,< 0 DM,good,< 1 year,rent,skilled,furniture/appliances,< 100 DM,0
0,3446,4,42,2,1,36,2,< 0 DM,good,> 7 years,own,skilled,furniture/appliances,< 100 DM,1
0,3001,2,40,1,1,18,4,1 - 200 DM,good,4 - 7 years,rent,skilled,furniture/appliances,< 100 DM,0
0,3079,4,36,1,1,36,4,unknown,good,1 - 4 years,own,skilled,car,unknown,0
1,6070,3,33,1,2,18,4,unknown,critical,> 7 years,own,skilled,furniture/appliances,< 100 DM,0
0,2146,1,23,1,2,10,3,unknown,critical,< 1 year,rent,skilled,furniture/appliances,< 100 DM,0
1,13756,2,63,1,1,60,4,unknown,critical,> 7 years,other,management,car,unknown,0
1,14782,3,60,1,2,60,4,1 - 200 DM,very good,> 7 years,other,management,car0,100 - 500 DM,1
0,7685,2,37,1,1,48,4,< 0 DM,very good,4 - 7 years,rent,skilled,business,< 100 DM,1
0,2320,2,34,1,2,18,3,unknown,poor,unemployed,own,skilled,furniture/appliances,< 100 DM,0
0,846,3,36,1,1,7,4,unknown,poor,> 7 years,other,skilled,furniture/appliances,unknown,0
1,14318,4,57,1,1,36,2,1 - 200 DM,good,> 7 years,other,management,car,< 100 DM,1
0,362,4,52,1,2,6,4,unknown,critical,1 - 4 years,own,unskilled,car,100 - 500 DM,0
1,2212,4,39,1,1,20,4,< 0 DM,good,4 - 7 years,own,skilled,furniture/appliances,unknown,0
1,12976,3,38,1,1,18,4,1 - 200 DM,good,unemployed,other,management,car,< 100 DM,1
0,1283,4,25,1,1,22,4,unknown,good,4 - 7 years,rent,skilled,car,unknown,0
0,1330,4,26,1,1,12,1,> 200 DM,good,< 1 year,own,skilled,car,< 100 DM,0
0,4272,2,26,1,2,30,2,unknown,poor,1 - 4 years,own,unskilled,business,100 - 500 DM,0
0,2238,2,25,1,2,18,1,unknown,critical,1 - 4 years,own,skilled,furniture/appliances,< 100 DM,0
1,1126,4,21,1,1,18,2,unknown,good,< 1 year,rent,skilled,furniture/appliances,unknown,0
1,7374,4,40,1,2,18,4,1 - 200 DM,critical,unemployed,own,management,furniture/appliances,< 100 DM,0
0,2326,2,27,1,1,15,4,1 - 200 DM,critical,1 - 4 years,own,skilled,business,500 - 1000 DM,0
0,1449,3,27,1,2,9,2,unknown,good,4 - 7 years,own,skilled,business,< 100 DM,0
1,1820,2,30,1,1,18,2,unknown,good,1 - 4 years,own,management,car,< 100 DM,0
0,983,1,19,1,1,12,4,1 - 200 DM,good,< 1 year,rent,unskilled,furniture/appliances,> 1000 DM,0
1,3249,2,39,2,1,36,4,< 0 DM,good,4 - 7 years,other,management,car,< 100 DM,0
0,1957,1,31,1,1,6,4,< 0 DM,critical,4 - 7 years,own,skilled,furniture/appliances,< 100 DM,0
0,2406,2,31,1,1,9,3,unknown,critical,unemployed,own,management,furniture/appliances,< 100 DM,0
1,11760,2,32,1,1,39,3,1 - 200 DM,poor,4 - 7 years,rent,skilled,education,100 - 500 DM,0
0,2578,3,55,1,1,12,4,< 0 DM,good,unemployed,other,management,furniture/appliances,< 100 DM,0
1,2348,3,46,1,2,36,2,< 0 DM,critical,1 - 4 years,own,skilled,furniture/appliances,< 100 DM,0
0,1223,1,46,1,2,12,1,1 - 200 DM,good,> 7 years,rent,skilled,car,< 100 DM,1
0,1516,4,43,1,2,24,1,unknown,critical,1 - 4 years,own,unskilled,furniture/appliances,> 1000 DM,0
1,1473,3,39,1,1,18,4,unknown,good,< 1 year,own,skilled,furniture/appliances,< 100 DM,0
0,1887,4,28,1,2,18,4,1 - 200 DM,critical,1 - 4 years,own,skilled,business,unknown,0
1,8648,2,27,1,2,24,2,unknown,poor,< 1 year,own,skilled,business,< 100 DM,1
0,802,4,27,1,2,14,2,unknown,poor,1 - 4 years,own,unskilled,car,< 100 DM,0
0,2899,4,43,2,1,18,4,1 - 200 DM,poor,> 7 years,own,skilled,car,unknown,0
1,2039,1,22,1,1,24,1,1 - 200 DM,good,< 1 year,own,skilled,furniture/appliances,< 100 DM,1
1,2197,4,43,2,2,24,4,unknown,critical,4 - 7 years,own,skilled,car,unknown,0
0,1053,4,27,1,1,15,2,< 0 DM,good,< 1 year,own,skilled,furniture/appliances,< 100 DM,0
1,3235,3,26,1,1,24,2,unknown,good,> 7 years,own,management,furniture/appliances,500 - 1000 DM,0
1,939,4,28,1,3,12,2,> 200 DM,critical,4 - 7 years,own,skilled,car,500 - 1000 DM,1
1,1967,4,20,1,1,24,4,1 - 200 DM,good,> 7 years,own,skilled,furniture/appliances,< 100 DM,0
1,7253,3,35,1,2,33,2,unknown,critical,4 - 7 years,own,management,car,< 100 DM,0
1,2292,4,42,1,2,12,2,unknown,critical,unemployed,own,management,business,< 100 DM,1
0,1597,3,40,2,1,10,2,unknown,good,1 - 4 years,rent,unskilled,car,500 - 1000 DM,0
0,1381,4,35,1,1,24,2,< 0 DM,good,1 - 4 years,own,skilled,car,unknown,1
1,5842,2,35,2,2,36,2,unknown,critical,> 7 years,own,skilled,car,< 100 DM,0
0,2579,4,33,2,1,12,1,< 0 DM,good,< 1 year,own,unskilled,car,< 100 DM,1
1,8471,1,23,1,2,18,2,< 0 DM,poor,1 - 4 years,rent,skilled,education,unknown,0
0,2782,1,31,1,1,21,2,unknown,good,4 - 7 years,own,management,car,500 - 1000 DM,0
0,1042,4,33,1,1,18,2,1 - 200 DM,good,1 - 4 years,own,skilled,car,unknown,1
0,3186,2,20,1,1,15,3,unknown,good,4 - 7 years,rent,skilled,car,> 1000 DM,0
0,2028,4,30,1,1,12,2,1 - 200 DM,good,1 - 4 years,own,skilled,car,unknown,0
0,958,2,47,2,2,12,3,1 - 200 DM,critical,4 - 7 years,own,unskilled,car,< 100 DM,0
0,1591,4,34,1,2,21,3,unknown,poor,4 - 7 years,own,management,furniture/appliances,100 - 500 DM,0
1,2762,1,25,1,1,12,2,1 - 200 DM,good,> 7 years,own,skilled,furniture/appliances,unknown,1
1,2779,1,21,1,1,18,3,1 - 200 DM,good,1 - 4 years,rent,skilled,car,< 100 DM,0
0,2743,4,29,1,2,28,2,unknown,critical,> 7 years,own,skilled,furniture/appliances,< 100 DM,0
0,1149,4,46,1,2,18,3,unknown,critical,1 - 4 years,own,skilled,furniture/appliances,> 1000 DM,0
0,1313,1,20,1,1,9,4,unknown,good,> 7 years,own,skilled,furniture/appliances,< 100 DM,0
0,1190,2,55,2,3,18,4,< 0 DM,critical,unemployed,other,unemployed,renovations,< 100 DM,1
0,3448,1,74,1,1,5,4,unknown,good,4 - 7 years,own,unskilled,business,< 100 DM,0
1,11328,2,29,1,2,24,3,1 - 200 DM,good,1 - 4 years,own,management,car0,< 100 DM,1
1,1872,4,36,1,3,6,4,< 0 DM,critical,unemployed,other,management,furniture/appliances,< 100 DM,0
1,2058,4,33,1,2,24,2,unknown,critical,1 - 4 years,own,skilled,renovations,< 100 DM,0
0,2136,3,25,1,1,9,2,< 0 DM,good,1 - 4 years,own,skilled,furniture/appliances,< 100 DM,0
1,1484,2,25,1,1,12,1,1 - 200 DM,good,1 - 4 years,own,skilled,furniture/appliances,unknown,1
0,660,2,23,1,1,6,4,unknown,good,4 - 7 years,rent,unskilled,renovations,500 - 1000 DM,0
1,1287,4,37,1,2,24,4,unknown,critical,> 7 years,own,skilled,car,> 1000 DM,0
0,3394,4,65,1,2,42,4,< 0 DM,critical,unemployed,own,unemployed,renovations,< 100 DM,0
0,609,4,26,1,1,12,1,> 200 DM,very good,< 1 year,own,unemployed,business,< 100 DM,1
1,1884,4,39,1,1,12,4,unknown,good,> 7 years,own,management,car,< 100 DM,0
0,1620,2,30,1,1,12,3,< 0 DM,good,1 - 4 years,own,skilled,furniture/appliances,< 100 DM,0
1,2629,2,29,1,2,20,3,1 - 200 DM,poor,1 - 4 years,own,skilled,car0,< 100 DM,0
0,719,4,41,2,1,12,4,unknown,good,> 7 years,own,unskilled,education,< 100 DM,1
1,5096,2,30,1,1,48,3,1 - 200 DM,critical,1 - 4 years,own,management,furniture/appliances,< 100 DM,1
0,1244,4,41,1,2,9,4,unknown,critical,> 7 years,rent,unskilled,education,unknown,0
1,1842,4,34,1,1,36,4,< 0 DM,good,< 1 year,own,skilled,car,< 100 DM,1
0,2576,2,35,1,1,7,2,1 - 200 DM,good,1 - 4 years,own,skilled,furniture/appliances,< 100 DM,0
1,1424,3,55,1,1,12,4,> 200 DM,good,> 7 years,own,management,furniture/appliances,unknown,0
0,1512,3,61,1,2,15,3,1 - 200 DM,poor,1 - 4 years,own,skilled,renovations,> 1000 DM,1
1,11054,4,30,1,1,36,2,unknown,critical,1 - 4 years,own,management,car,unknown,0
0,518,3,29,1,1,6,1,unknown,good,1 - 4 years,own,skilled,furniture/appliances,< 100 DM,0
0,2759,2,34,1,2,12,4,unknown,perfect,> 7 years,own,skilled,furniture/appliances,< 100 DM,0
1,2670,4,35,1,1,24,4,unknown,good,> 7 years,own,management,car,< 100 DM,0
1,4817,2,31,1,1,24,3,< 0 DM,good,4 - 7 years,own,skilled,car,< 100 DM,1
1,2679,4,29,1,1,24,1,unknown,good,< 1 year,own,management,car,< 100 DM,0
0,3905,2,36,2,2,11,2,< 0 DM,critical,1 - 4 years,rent,skilled,car,< 100 DM,0
1,3386,3,35,1,1,12,4,< 0 DM,good,> 7 years,other,skilled,car,< 100 DM,1
0,343,4,27,1,1,6,1,< 0 DM,good,< 1 year,own,skilled,furniture/appliances,< 100 DM,0
1,4594,3,32,1,1,18,2,unknown,good,< 1 year,own,skilled,furniture/appliances,< 100 DM,0
0,3620,1,37,2,1,36,2,< 0 DM,good,1 - 4 years,own,skilled,furniture/appliances,< 100 DM,0
0,1721,2,36,1,1,15,3,< 0 DM,good,< 1 year,own,skilled,car,< 100 DM,0
0,3017,3,34,1,1,12,1,1 - 200 DM,good,< 1 year,rent,management,furniture/appliances,< 100 DM,0
0,754,4,38,1,2,12,4,1 - 200 DM,good,> 7 years,own,skilled,education,unknown,0
1,1950,4,34,1,2,18,1,unknown,good,4 - 7 years,own,skilled,business,< 100 DM,0
1,2924,3,63,2,1,24,4,< 0 DM,good,1 - 4 years,own,skilled,car,< 100 DM,0
1,1659,4,29,1,1,24,2,< 0 DM,poor,< 1 year,rent,unskilled,furniture/appliances,< 100 DM,1
0,7238,3,32,2,2,48,3,unknown,poor,> 7 years,own,skilled,furniture/appliances,unknown,0
1,2764,2,26,1,2,33,2,unknown,poor,1 - 4 years,own,skilled,business,< 100 DM,0
1,4679,3,35,1,2,24,3,unknown,poor,4 - 7 years,own,unskilled,car,< 100 DM,0
1,3092,3,22,1,1,24,2,1 - 200 DM,good,< 1 year,rent,skilled,furniture/appliances,100 - 500 DM,1
0,448,4,23,1,1,6,4,< 0 DM,good,< 1 year,own,skilled,education,< 100 DM,1
0,654,4,28,1,1,9,3,< 0 DM,good,1 - 4 years,own,unskilled,car,< 100 DM,1
1,1238,4,36,2,1,6,4,unknown,good,unemployed,own,management,education,unknown,0
0,1245,4,33,1,1,18,2,1 - 200 DM,critical,1 - 4 years,own,skilled,furniture/appliances,< 100 DM,1
0,3114,1,26,1,1,18,4,< 0 DM,perfect,< 1 year,rent,skilled,furniture/appliances,< 100 DM,1
0,2569,4,24,1,1,39,4,unknown,good,1 - 4 years,own,skilled,car,500 - 1000 DM,0
0,5152,4,25,1,1,24,2,> 200 DM,good,4 - 7 years,own,skilled,furniture/appliances,< 100 DM,0
0,1037,3,39,1,1,12,4,1 - 200 DM,good,4 - 7 years,own,unskilled,business,100 - 500 DM,0
1,1478,4,44,2,2,15,4,< 0 DM,critical,> 7 years,own,skilled,furniture/appliances,< 100 DM,0
0,3573,1,23,1,1,12,1,1 - 200 DM,critical,1 - 4 years,own,unskilled,furniture/appliances,< 100 DM,0
0,1201,4,26,1,1,24,1,1 - 200 DM,good,< 1 year,own,skilled,car,< 100 DM,0
1,3622,4,57,1,2,30,4,< 0 DM,good,> 7 years,rent,skilled,furniture/appliances,> 1000 DM,0
0,960,3,30,1,2,15,2,unknown,poor,4 - 7 years,own,skilled,furniture/appliances,> 1000 DM,0
1,1163,4,44,1,1,12,4,unknown,critical,1 - 4 years,own,skilled,car,500 - 1000 DM,0
1,1209,4,47,1,1,6,4,1 - 200 DM,poor,unemployed,own,management,car,< 100 DM,1
1,3077,2,52,1,1,12,4,unknown,good,1 - 4 years,own,skilled,furniture/appliances,< 100 DM,0
1,3757,4,62,1,1,24,4,unknown,good,> 7 years,other,skilled,car,< 100 DM,0
0,1418,3,35,1,1,10,2,unknown,good,1 - 4 years,rent,unskilled,car,100 - 500 DM,0
0,3518,2,26,1,1,6,3,unknown,good,1 - 4 years,rent,skilled,car,< 100 DM,0
0,1934,2,26,1,2,12,2,unknown,critical,> 7 years,own,skilled,furniture/appliances,< 100 DM,0
1,8318,2,42,1,2,27,4,1 - 200 DM,perfect,> 7 years,other,management,business,< 100 DM,1
0,1237,1,27,1,2,6,1,unknown,critical,1 - 4 years,own,skilled,furniture/appliances,100 - 500 DM,0
0,368,4,38,1,1,6,4,1 - 200 DM,good,> 7 years,own,skilled,furniture/appliances,unknown,0
0,2122,3,39,2,2,12,2,< 0 DM,critical,1 - 4 years,rent,unskilled,car,< 100 DM,0
0,2996,2,20,1,1,24,4,< 0 DM,good,1 - 4 years,own,skilled,furniture/appliances,unknown,1
1,9034,4,29,1,1,36,1,1 - 200 DM,good,< 1 year,rent,management,furniture/appliances,100 - 500 DM,1
0,1585,4,40,1,2,24,3,unknown,critical,4 - 7 years,own,skilled,furniture/appliances,< 100 DM,0
0,1301,4,32,1,1,18,2,1 - 200 DM,good,> 7 years,own,unskilled,furniture/appliances,< 100 DM,0
1,1323,2,28,2,2,6,4,> 200 DM,critical,> 7 years,own,skilled,car,100 - 500 DM,0
0,3123,4,27,1,1,24,1,< 0 DM,good,< 1 year,own,skilled,car,< 100 DM,1
0,5493,2,42,2,1,36,4,< 0 DM,good,> 7 years,other,skilled,car,< 100 DM,0
0,1126,2,49,1,1,9,4,> 200 DM,good,> 7 years,own,skilled,furniture/appliances,100 - 500 DM,0
0,1216,4,38,2,2,24,4,1 - 200 DM,critical,< 1 year,own,skilled,furniture/appliances,100 - 500 DM,1
0,1207,4,24,1,1,24,4,< 0 DM,good,< 1 year,rent,skilled,car,< 100 DM,1
0,1309,4,27,1,1,10,4,unknown,good,1 - 4 years,own,unskilled,car,unknown,1
1,2360,2,36,1,1,15,2,> 200 DM,critical,1 - 4 years,own,skilled,car,500 - 1000 DM,0
1,6850,1,34,2,1,15,2,1 - 200 DM,very good,unemployed,own,management,car,100 - 500 DM,1
0,1413,4,28,1,1,24,2,unknown,good,1 - 4 years,own,skilled,furniture/appliances,< 100 DM,0
1,8588,4,45,1,1,39,2,unknown,good,> 7 years,own,management,car,100 - 500 DM,0
0,759,4,26,1,1,12,2,< 0 DM,good,4 - 7 years,own,skilled,car,< 100 DM,1
1,4686,2,32,1,1,36,2,unknown,good,1 - 4 years,other,management,car,< 100 DM,0
1,2687,2,26,1,1,15,4,> 200 DM,good,4 - 7 years,rent,skilled,business,< 100 DM,0
0,585,4,20,1,2,12,4,1 - 200 DM,poor,1 - 4 years,rent,skilled,furniture/appliances,< 100 DM,0
0,2255,4,54,1,1,24,1,unknown,good,< 1 year,own,skilled,car,unknown,0
0,609,4,37,1,2,6,3,< 0 DM,critical,4 - 7 years,own,skilled,car,< 100 DM,0
0,1361,2,40,2,1,6,4,< 0 DM,critical,< 1 year,own,unskilled,car,< 100 DM,0
1,7127,2,23,1,2,36,4,unknown,critical,< 1 year,rent,skilled,furniture/appliances,< 100 DM,1
1,1203,3,43,1,1,6,2,< 0 DM,good,> 7 years,own,skilled,car,100 - 500 DM,0
0,700,4,36,1,2,6,4,unknown,critical,> 7 years,other,skilled,furniture/appliances,unknown,0
0,5507,3,44,1,2,24,4,unknown,critical,> 7 years,other,skilled,renovations,< 100 DM,0
0,3190,2,24,1,1,18,2,< 0 DM,good,1 - 4 years,own,skilled,furniture/appliances,< 100 DM,1
0,7119,3,53,2,2,48,4,< 0 DM,perfect,1 - 4 years,other,skilled,furniture/appliances,< 100 DM,1
0,3488,3,23,1,1,24,4,unknown,good,4 - 7 years,own,skilled,car,100 - 500 DM,0
0,1113,4,26,2,1,18,4,1 - 200 DM,good,1 - 4 years,own,unskilled,furniture/appliances,< 100 DM,0
0,7966,2,30,1,2,26,3,1 - 200 DM,good,< 1 year,own,skilled,car,< 100 DM,0
0,1532,4,31,1,1,15,3,unknown,critical,1 - 4 years,own,skilled,education,100 - 500 DM,0
0,1503,2,42,2,2,4,1,unknown,critical,4 - 7 years,own,unskilled,furniture/appliances,< 100 DM,0
0,2302,4,31,1,1,36,4,< 0 DM,good,1 - 4 years,rent,skilled,furniture/appliances,< 100 DM,1
1,662,3,41,2,1,6,4,< 0 DM,good,< 1 year,own,unskilled,car,< 100 DM,0
0,2273,3,32,2,2,36,1,1 - 200 DM,good,4 - 7 years,own,skilled,education,< 100 DM,0
1,2631,2,28,1,2,15,4,1 - 200 DM,good,1 - 4 years,rent,skilled,car,100 - 500 DM,1
0,1503,4,41,1,1,12,4,unknown,poor,1 - 4 years,rent,skilled,car,< 100 DM,0
1,1311,4,26,1,1,24,3,unknown,good,4 - 7 years,own,skilled,furniture/appliances,100 - 500 DM,0
0,3105,4,25,1,2,24,2,unknown,good,< 1 year,own,skilled,furniture/appliances,unknown,0
0,2319,2,33,1,1,21,1,> 200 DM,critical,< 1 year,rent,skilled,education,< 100 DM,1
1,1374,4,75,1,1,6,3,< 0 DM,good,unemployed,own,management,car,unknown,0
1,3612,3,37,1,1,18,4,1 - 200 DM,critical,> 7 years,own,skilled,furniture/appliances,< 100 DM,0
0,7763,4,42,1,1,48,4,< 0 DM,good,> 7 years,other,management,car,< 100 DM,1
0,3049,1,45,1,1,18,1,> 200 DM,good,< 1 year,own,unskilled,furniture/appliances,< 100 DM,0
0,1534,1,23,1,1,12,1,1 - 200 DM,good,< 1 year,rent,skilled,furniture/appliances,< 100 DM,1
1,2032,4,60,1,2,24,4,unknown,poor,> 7 years,other,skilled,car,< 100 DM,0
0,6350,4,31,1,1,30,4,< 0 DM,good,> 7 years,own,skilled,furniture/appliances,unknown,1
0,2864,2,34,2,1,18,1,> 200 DM,good,1 - 4 years,own,unskilled,furniture/appliances,< 100 DM,1
0,1255,4,61,1,2,12,4,unknown,critical,> 7 years,own,unskilled,car,< 100 DM,0
0,1333,4,43,2,2,24,2,< 0 DM,poor,unemployed,other,skilled,car,< 100 DM,1
1,2022,4,37,1,1,24,4,unknown,critical,1 - 4 years,own,skilled,car,< 100 DM,0
0,1552,3,32,2,1,24,1,unknown,good,4 - 7 years,own,skilled,furniture/appliances,< 100 DM,0
0,626,4,24,1,1,12,4,< 0 DM,very good,1 - 4 years,own,unskilled,furniture/appliances,< 100 DM,1
1,8858,2,35,1,2,48,1,unknown,critical,4 - 7 years,other,skilled,car,unknown,0
0,996,4,23,1,2,12,4,unknown,critical,4 - 7 years,own,skilled,renovations,unknown,0
0,1750,2,45,2,1,6,4,unknown,very good,> 7 years,own,unskilled,furniture/appliances,500 - 1000 DM,0
1,6999,1,34,1,2,48,1,< 0 DM,good,4 - 7 years,own,skilled,furniture/appliances,< 100 DM,1
0,1995,4,27,1,1,12,1,1 - 200 DM,critical,< 1 year,own,skilled,car,100 - 500 DM,0
1,1199,4,67,1,2,9,4,1 - 200 DM,good,4 - 7 years,own,management,education,< 100 DM,0
0,1331,2,22,1,1,12,1,1 - 200 DM,good,< 1 year,own,skilled,furniture/appliances,< 100 DM,1
0,2278,3,28,1,2,18,3,1 - 200 DM,perfect,< 1 year,own,skilled,car,100 - 500 DM,1
1,5003,1,29,1,2,21,4,unknown,perfect,1 - 4 years,own,skilled,car,unknown,1
0,3552,3,27,1,1,24,4,< 0 DM,very good,4 - 7 years,own,skilled,furniture/appliances,< 100 DM,1
0,1928,2,31,1,2,18,2,1 - 200 DM,critical,< 1 year,own,unskilled,furniture/appliances,< 100 DM,1
1,2964,4,49,2,1,24,4,< 0 DM,good,> 7 years,other,skilled,car,unknown,0
0,1546,4,24,1,1,24,4,< 0 DM,very good,4 - 7 years,rent,unskilled,furniture/appliances,< 100 DM,1
0,683,2,29,1,1,6,1,> 200 DM,poor,< 1 year,own,skilled,furniture/appliances,< 100 DM,0
1,12389,1,37,1,1,36,4,1 - 200 DM,good,1 - 4 years,other,skilled,car,unknown,1
1,4712,4,37,1,2,24,2,1 - 200 DM,poor,1 - 4 years,own,management,business,unknown,0
1,1553,3,23,1,2,24,2,1 - 200 DM,poor,4 - 7 years,rent,skilled,furniture/appliances,100 - 500 DM,0
0,1372,2,36,1,1,12,3,< 0 DM,good,4 - 7 years,own,skilled,car,< 100 DM,1
0,2578,2,34,1,1,24,2,unknown,critical,> 7 years,own,skilled,furniture/appliances,> 1000 DM,0
1,3979,4,41,2,2,48,1,1 - 200 DM,good,4 - 7 years,own,skilled,furniture/appliances,unknown,0
1,6758,3,31,1,1,48,2,< 0 DM,good,1 - 4 years,own,skilled,furniture/appliances,< 100 DM,1
1,3234,4,23,1,1,24,4,< 0 DM,good,< 1 year,rent,unskilled,furniture/appliances,< 100 DM,1
0,5954,3,38,1,1,30,2,unknown,critical,4 - 7 years,own,skilled,furniture/appliances,< 100 DM,0
1,5433,2,26,1,1,24,4,unknown,good,unemployed,rent,management,car,unknown,0
0,806,4,22,1,1,15,4,< 0 DM,good,1 - 4 years,own,unskilled,business,< 100 DM,0
0,1082,4,27,1,2,9,4,1 - 200 DM,good,> 7 years,own,unskilled,furniture/appliances,< 100 DM,0
0,2788,2,24,1,2,15,3,unknown,critical,4 - 7 years,own,skilled,furniture/appliances,< 100 DM,0
0,2930,2,27,1,1,12,1,1 - 200 DM,good,4 - 7 years,own,skilled,furniture/appliances,< 100 DM,0
1,1927,3,33,1,2,24,2,unknown,critical,1 - 4 years,own,skilled,education,unknown,0
0,2820,4,27,1,2,36,4,1 - 200 DM,critical,< 1 year,own,skilled,car,< 100 DM,1
0,937,4,27,1,2,24,3,unknown,good,< 1 year,own,unskilled,education,< 100 DM,0
0,1056,3,30,1,2,18,3,1 - 200 DM,critical,> 7 years,own,skilled,car,< 100 DM,1
0,3124,1,49,2,2,12,3,1 - 200 DM,critical,< 1 year,own,unskilled,car,< 100 DM,0
0,1388,4,26,1,1,9,2,unknown,good,1 - 4 years,rent,skilled,furniture/appliances,< 100 DM,0
0,2384,4,33,1,1,36,1,1 - 200 DM,good,< 1 year,rent,unskilled,renovations,< 100 DM,1
1,2133,4,52,1,1,12,4,unknown,good,> 7 years,other,management,car,unknown,0
0,2039,1,20,1,1,18,4,< 0 DM,good,1 - 4 years,rent,skilled,furniture/appliances,< 100 DM,1
0,2799,2,36,2,2,9,2,< 0 DM,critical,1 - 4 years,rent,skilled,car,< 100 DM,0
0,1289,4,21,1,1,12,1,< 0 DM,good,1 - 4 years,own,unskilled,furniture/appliances,< 100 DM,0
1,1217,4,47,1,1,18,3,< 0 DM,good,1 - 4 years,own,unskilled,furniture/appliances,< 100 DM,1
0,2246,3,60,1,2,12,3,< 0 DM,critical,> 7 years,own,skilled,furniture/appliances,< 100 DM,1
1,385,4,58,1,4,12,3,< 0 DM,critical,4 - 7 years,own,unskilled,furniture/appliances,< 100 DM,0
1,1965,4,42,1,2,24,4,1 - 200 DM,poor,1 - 4 years,rent,skilled,car,unknown,0
0,1572,4,36,1,1,21,4,unknown,good,> 7 years,own,unskilled,business,> 1000 DM,0
1,2718,3,20,1,1,24,4,1 - 200 DM,good,1 - 4 years,rent,unskilled,car,< 100 DM,1
1,1358,4,40,1,1,24,3,< 0 DM,very good,> 7 years,own,management,car0,unknown,1
0,931,1,32,1,1,6,1,1 - 200 DM,very good,< 1 year,own,unskilled,car,100 - 500 DM,1
0,1442,4,23,1,2,24,4,< 0 DM,good,4 - 7 years,rent,skilled,car,< 100 DM,1
1,4241,1,36,1,3,24,4,1 - 200 DM,perfect,1 - 4 years,own,unskilled,business,< 100 DM,1
0,2775,2,31,1,2,18,2,unknown,critical,4 - 7 years,own,skilled,car,< 100 DM,1
0,3863,1,32,1,1,24,2,unknown,poor,1 - 4 years,other,skilled,business,< 100 DM,0
0,2329,1,45,1,1,7,1,1 - 200 DM,good,< 1 year,own,skilled,furniture/appliances,< 100 DM,0
0,918,4,30,1,1,9,1,1 - 200 DM,good,1 - 4 years,own,skilled,furniture/appliances,< 100 DM,1
0,1837,4,34,1,1,24,4,1 - 200 DM,very good,4 - 7 years,other,unskilled,education,< 100 DM,1
1,3349,4,28,1,1,36,2,unknown,good,1 - 4 years,own,management,furniture/appliances,< 100 DM,1
0,1275,4,23,1,1,10,2,> 200 DM,good,< 1 year,own,skilled,furniture/appliances,< 100 DM,0
1,2828,4,22,1,1,24,4,< 0 DM,very good,1 - 4 years,own,skilled,furniture/appliances,500 - 1000 DM,0
1,4526,3,74,1,1,24,2,unknown,critical,1 - 4 years,own,management,business,< 100 DM,0
0,2671,4,50,1,1,36,4,1 - 200 DM,good,1 - 4 years,other,skilled,furniture/appliances,100 - 500 DM,1
0,2051,4,33,1,1,18,1,unknown,good,< 1 year,own,skilled,furniture/appliances,< 100 DM,0
0,1300,4,45,2,1,15,4,unknown,good,> 7 years,other,skilled,car,unknown,0
0,741,4,22,1,1,12,3,< 0 DM,good,unemployed,own,skilled,furniture/appliances,100 - 500 DM,1
0,1240,1,48,2,1,10,4,> 200 DM,good,> 7 years,other,unskilled,car,100 - 500 DM,1
0,3357,4,29,1,1,21,2,< 0 DM,good,< 1 year,own,skilled,furniture/appliances,> 1000 DM,0
0,3632,1,22,1,1,24,4,< 0 DM,very good,1 - 4 years,rent,skilled,car,< 100 DM,0
0,1808,4,22,1,1,18,1,unknown,poor,4 - 7 years,own,skilled,furniture/appliances,< 100 DM,1
1,12204,2,48,1,1,48,2,1 - 200 DM,perfect,1 - 4 years,own,management,business,unknown,0
0,9157,2,27,1,1,60,2,1 - 200 DM,poor,1 - 4 years,other,management,furniture/appliances,unknown,0
0,3676,1,37,2,3,6,3,< 0 DM,critical,1 - 4 years,rent,skilled,car,< 100 DM,0
0,3441,2,21,1,1,30,4,1 - 200 DM,good,1 - 4 years,rent,skilled,furniture/appliances,100 - 500 DM,1
0,640,4,49,1,1,12,2,unknown,good,1 - 4 years,own,unskilled,car,< 100 DM,0
0,3652,2,27,1,2,21,3,1 - 200 DM,critical,4 - 7 years,own,skilled,business,< 100 DM,0
0,1530,3,32,1,2,18,2,unknown,critical,1 - 4 years,own,skilled,car,< 100 DM,1
0,3914,4,38,1,1,48,2,unknown,good,1 - 4 years,own,skilled,business,unknown,1
0,1858,4,22,1,1,12,1,< 0 DM,good,< 1 year,rent,skilled,furniture/appliances,< 100 DM,0
0,2600,4,65,1,2,18,4,< 0 DM,good,1 - 4 years,other,skilled,furniture/appliances,< 100 DM,1
0,1979,4,35,1,1,15,2,unknown,good,> 7 years,own,skilled,furniture/appliances,unknown,0
1,2116,2,41,1,1,6,2,> 200 DM,good,1 - 4 years,own,skilled,furniture/appliances,< 100 DM,0
0,1437,2,29,1,1,9,3,1 - 200 DM,very good,4 - 7 years,own,skilled,car,100 - 500 DM,1
1,4042,4,36,1,2,42,4,unknown,critical,1 - 4 years,own,skilled,furniture/appliances,500 - 1000 DM,0
0,3832,1,64,1,1,9,4,unknown,good,> 7 years,own,unskilled,education,unknown,0
0,3660,2,28,1,1,24,4,< 0 DM,good,1 - 4 years,own,skilled,furniture/appliances,< 100 DM,0
0,1553,4,44,1,1,18,3,< 0 DM,very good,1 - 4 years,own,skilled,furniture/appliances,< 100 DM,1
0,1444,4,23,1,1,15,1,1 - 200 DM,good,< 1 year,own,skilled,furniture/appliances,unknown,0
0,1980,2,19,1,2,9,2,unknown,good,< 1 year,rent,skilled,furniture/appliances,< 100 DM,1
1,1355,3,25,1,1,24,4,1 - 200 DM,good,< 1 year,own,unskilled,car,< 100 DM,1
1,1393,4,47,2,3,12,4,unknown,good,> 7 years,own,skilled,education,< 100 DM,0
0,1376,4,28,1,1,24,1,unknown,good,4 - 7 years,own,skilled,furniture/appliances,500 - 1000 DM,0
1,15653,2,21,1,2,60,4,unknown,poor,4 - 7 years,own,skilled,furniture/appliances,< 100 DM,0
0,1493,4,34,2,1,12,3,unknown,good,< 1 year,own,skilled,furniture/appliances,< 100 DM,0
1,4370,3,26,2,2,42,2,< 0 DM,poor,4 - 7 years,own,skilled,furniture/appliances,< 100 DM,1
0,750,4,27,1,1,18,1,< 0 DM,good,unemployed,own,unemployed,education,< 100 DM,1
0,1308,4,38,1,2,15,4,1 - 200 DM,good,> 7 years,own,unskilled,renovations,< 100 DM,0
1,4623,3,40,1,1,15,2,unknown,good,1 - 4 years,own,management,education,100 - 500 DM,1
1,1851,4,33,1,2,24,2,unknown,critical,4 - 7 years,own,skilled,furniture/appliances,< 100 DM,0
1,1880,4,32,1,2,18,1,< 0 DM,critical,4 - 7 years,own,management,furniture/appliances,< 100 DM,0
1,7980,4,27,1,2,36,4,unknown,poor,< 1 year,rent,skilled,business,unknown,1
0,4583,2,32,1,2,30,2,< 0 DM,perfect,1 - 4 years,own,skilled,furniture/appliances,< 100 DM,0
0,1386,2,26,1,1,12,2,unknown,good,1 - 4 years,own,skilled,car,500 - 1000 DM,1
0,947,4,38,2,1,24,3,> 200 DM,good,4 - 7 years,other,skilled,car,< 100 DM,1
0,684,4,40,2,1,12,4,< 0 DM,good,1 - 4 years,rent,unskilled,education,< 100 DM,1
1,7476,4,50,1,1,48,1,< 0 DM,good,4 - 7 years,other,management,education,< 100 DM,0
0,1922,4,37,1,1,12,2,1 - 200 DM,good,1 - 4 years,own,unskilled,furniture/appliances,< 100 DM,1
0,2303,4,45,1,1,24,1,< 0 DM,good,> 7 years,own,skilled,car,< 100 DM,1
1,8086,2,42,1,4,36,4,1 - 200 DM,poor,> 7 years,own,management,car,100 - 500 DM,1
1,2346,4,35,1,2,24,3,unknown,critical,4 - 7 years,own,skilled,car,< 100 DM,0
0,3973,1,22,1,1,14,4,< 0 DM,good,unemployed,other,skilled,car,< 100 DM,0
0,888,4,41,2,1,12,4,1 - 200 DM,good,> 7 years,own,unskilled,car,< 100 DM,1
1,10222,4,37,1,1,48,3,unknown,good,4 - 7 years,own,skilled,furniture/appliances,unknown,0
0,4221,2,28,1,2,30,1,1 - 200 DM,perfect,1 - 4 years,own,skilled,business,< 100 DM,0
1,6361,2,41,1,1,18,1,1 - 200 DM,critical,> 7 years,own,skilled,furniture/appliances,< 100 DM,0
0,1297,3,23,1,1,12,4,> 200 DM,good,1 - 4 years,rent,skilled,furniture/appliances,< 100 DM,0
0,900,4,23,1,1,12,2,< 0 DM,good,1 - 4 years,own,skilled,car,unknown,1
0,2241,4,50,1,2,21,2,unknown,good,> 7 years,own,skilled,furniture/appliances,< 100 DM,0
1,1050,4,35,1,2,6,1,1 - 200 DM,poor,unemployed,own,management,furniture/appliances,< 100 DM,0
0,1047,2,50,1,1,6,4,> 200 DM,critical,1 - 4 years,own,unskilled,education,< 100 DM,0
1,6314,4,27,1,2,24,2,unknown,critical,unemployed,own,management,car0,< 100 DM,0
1,3496,4,34,2,1,30,2,1 - 200 DM,very good,1 - 4 years,own,skilled,furniture/appliances,> 1000 DM,0
0,3609,1,27,1,1,48,1,unknown,very good,1 - 4 years,own,skilled,business,< 100 DM,0
1,4843,3,43,1,2,12,4,< 0 DM,critical,> 7 years,rent,skilled,car,< 100 DM,1
0,3017,4,47,1,1,30,4,> 200 DM,critical,> 7 years,own,skilled,furniture/appliances,< 100 DM,0
1,4139,3,27,1,2,24,3,unknown,critical,1 - 4 years,own,unskilled,business,100 - 500 DM,0
1,5742,2,31,1,2,36,2,unknown,good,4 - 7 years,own,skilled,business,100 - 500 DM,0
1,10366,2,42,1,1,60,4,unknown,good,> 7 years,own,management,car,< 100 DM,0
0,2080,1,24,1,1,6,2,unknown,critical,1 - 4 years,own,skilled,car,500 - 1000 DM,0
0,2580,4,41,2,1,21,2,unknown,poor,< 1 year,own,unskilled,business,500 - 1000 DM,1
1,4530,4,26,1,1,30,4,unknown,critical,4 - 7 years,rent,management,furniture/appliances,< 100 DM,0
1,5150,4,33,1,1,24,4,unknown,critical,> 7 years,own,skilled,furniture/appliances,< 100 DM,0
0,5595,2,24,1,1,72,2,1 - 200 DM,good,1 - 4 years,own,skilled,furniture/appliances,100 - 500 DM,1
0,2384,4,64,1,1,24,4,< 0 DM,good,> 7 years,rent,unskilled,furniture/appliances,< 100 DM,0
0,1453,3,26,1,1,18,1,unknown,good,< 1 year,own,skilled,furniture/appliances,< 100 DM,0
0,1538,1,56,1,1,6,2,unknown,good,< 1 year,own,skilled,education,< 100 DM,0
1,2279,4,37,1,1,12,4,unknown,good,1 - 4 years,other,skilled,furniture/appliances,unknown,0
0,1478,4,33,1,2,15,3,unknown,poor,1 - 4 years,own,skilled,furniture/appliances,< 100 DM,0
1,5103,3,47,1,3,24,3,unknown,critical,< 1 year,other,skilled,furniture/appliances,< 100 DM,0
1,9857,1,31,2,2,36,3,1 - 200 DM,poor,4 - 7 years,own,unskilled,business,100 - 500 DM,0
1,6527,4,34,2,1,60,4,unknown,good,1 - 4 years,other,skilled,car,unknown,0
1,1347,4,27,1,2,10,2,> 200 DM,critical,4 - 7 years,own,skilled,furniture/appliances,unknown,0
0,2862,4,30,1,1,36,3,1 - 200 DM,poor,> 7 years,other,skilled,car,100 - 500 DM,0
1,2753,3,35,1,1,9,4,unknown,good,> 7 years,own,skilled,furniture/appliances,100 - 500 DM,0
0,3651,1,31,2,1,12,3,< 0 DM,good,1 - 4 years,own,skilled,car,> 1000 DM,0
0,975,2,25,1,2,15,3,< 0 DM,critical,1 - 4 years,own,skilled,furniture/appliances,< 100 DM,0
0,2631,3,25,1,1,15,2,1 - 200 DM,good,1 - 4 years,own,unskilled,renovations,100 - 500 DM,0
0,2896,2,29,1,1,24,1,1 - 200 DM,good,< 1 year,own,skilled,furniture/appliances,100 - 500 DM,0
0,4716,1,44,2,2,6,3,< 0 DM,critical,< 1 year,own,unskilled,car,unknown,0
1,2284,4,28,1,1,24,2,unknown,good,4 - 7 years,own,skilled,furniture/appliances,< 100 DM,0
0,1236,2,50,1,1,6,4,unknown,good,1 - 4 years,rent,skilled,car,500 - 1000 DM,0
0,1103,4,29,1,2,12,3,1 - 200 DM,good,4 - 7 years,own,skilled,furniture/appliances,< 100 DM,0
0,926,1,38,1,1,12,2,unknown,critical,unemployed,own,unemployed,car,< 100 DM,0
0,1800,4,24,1,2,18,2,unknown,critical,1 - 4 years,own,skilled,furniture/appliances,< 100 DM,0
1,1905,4,40,1,1,15,4,> 200 DM,good,> 7 years,rent,management,education,< 100 DM,0
0,1123,4,29,1,1,12,4,unknown,good,1 - 4 years,rent,unskilled,furniture/appliances,500 - 1000 DM,1
1,6331,4,46,1,2,48,4,< 0 DM,critical,> 7 years,other,skilled,car,< 100 DM,1
1,1377,4,47,1,1,24,2,> 200 DM,good,> 7 years,other,skilled,furniture/appliances,100 - 500 DM,0
0,2503,4,41,1,2,30,2,1 - 200 DM,poor,> 7 years,own,skilled,business,100 - 500 DM,0
1,2528,4,32,2,1,27,1,1 - 200 DM,good,< 1 year,own,skilled,business,< 100 DM,0
0,5324,1,35,1,1,15,4,unknown,good,> 7 years,other,skilled,car,500 - 1000 DM,0
0,6560,3,24,1,1,48,2,1 - 200 DM,good,4 - 7 years,own,skilled,car,100 - 500 DM,1
0,2969,4,25,1,2,12,3,1 - 200 DM,perfect,< 1 year,rent,skilled,furniture/appliances,< 100 DM,1
0,1206,4,25,1,1,9,4,1 - 200 DM,good,> 7 years,own,skilled,furniture/appliances,< 100 DM,0
0,2118,2,37,2,1,9,2,1 - 200 DM,good,1 - 4 years,own,unskilled,furniture/appliances,< 100 DM,0
1,629,4,32,1,2,18,3,unknown,critical,> 7 years,own,management,furniture/appliances,500 - 1000 DM,0
0,1198,4,35,1,1,6,4,< 0 DM,very good,> 7 years,other,skilled,education,< 100 DM,1
1,2476,4,46,1,1,21,4,unknown,good,> 7 years,own,management,car,unknown,0
0,1138,4,25,1,2,9,4,< 0 DM,critical,1 - 4 years,own,unskilled,furniture/appliances,< 100 DM,0
1,14027,4,27,1,1,60,2,1 - 200 DM,good,4 - 7 years,own,management,car,< 100 DM,1
0,7596,1,63,1,2,30,4,unknown,critical,> 7 years,own,skilled,car,unknown,0
1,3077,3,40,2,2,30,2,unknown,critical,> 7 years,own,skilled,furniture/appliances,unknown,0
1,1505,4,32,1,1,18,2,unknown,good,1 - 4 years,other,management,furniture/appliances,< 100 DM,0
1,3148,3,31,1,2,24,2,> 200 DM,critical,1 - 4 years,own,skilled,furniture/appliances,unknown,0
1,6148,3,31,1,2,20,4,1 - 200 DM,perfect,> 7 years,own,skilled,car,100 - 500 DM,0
1,1337,4,34,1,2,9,2,> 200 DM,perfect,< 1 year,own,management,furniture/appliances,< 100 DM,1
0,433,4,24,2,1,6,2,1 - 200 DM,very good,< 1 year,rent,skilled,education,> 1000 DM,1
0,1228,4,24,1,1,12,2,< 0 DM,good,1 - 4 years,own,unskilled,car,< 100 DM,1
0,790,4,66,1,1,9,3,1 - 200 DM,good,1 - 4 years,own,unskilled,furniture/appliances,500 - 1000 DM,0
0,2570,3,21,1,1,27,3,unknown,good,1 - 4 years,rent,skilled,car,< 100 DM,1
0,250,2,41,1,2,6,2,unknown,critical,1 - 4 years,own,unskilled,car,> 1000 DM,0
0,1316,2,47,1,2,15,2,unknown,critical,1 - 4 years,own,unskilled,furniture/appliances,500 - 1000 DM,0
0,1882,4,25,1,2,18,4,< 0 DM,good,1 - 4 years,rent,skilled,furniture/appliances,< 100 DM,1
0,6416,4,59,1,1,48,3,1 - 200 DM,very good,> 7 years,rent,skilled,business,< 100 DM,1
1,1275,2,36,1,2,24,4,> 200 DM,critical,1 - 4 years,own,skilled,business,> 1000 DM,0
0,6403,1,33,1,1,24,2,1 - 200 DM,poor,< 1 year,own,skilled,furniture/appliances,< 100 DM,0
0,1987,2,21,2,1,24,4,< 0 DM,good,1 - 4 years,rent,unskilled,furniture/appliances,< 100 DM,1
0,760,4,44,1,1,8,2,1 - 200 DM,good,4 - 7 years,own,unskilled,furniture/appliances,< 100 DM,0
1,2603,2,28,1,1,24,4,unknown,good,1 - 4 years,rent,skilled,car,> 1000 DM,0
0,3380,1,37,2,1,4,1,unknown,critical,4 - 7 years,own,skilled,car,< 100 DM,0
0,3990,3,29,1,1,36,2,1 - 200 DM,very good,< 1 year,own,unemployed,furniture/appliances,unknown,0
0,11560,1,23,1,2,24,4,1 - 200 DM,good,1 - 4 years,rent,management,car,< 100 DM,1
1,4380,3,35,2,1,18,4,< 0 DM,good,1 - 4 years,own,unskilled,car,100 - 500 DM,0
1,6761,1,45,2,2,6,3,unknown,critical,4 - 7 years,own,management,car,< 100 DM,0
0,4280,4,26,1,2,30,4,1 - 200 DM,perfect,1 - 4 years,rent,unskilled,business,100 - 500 DM,1
0,2325,2,32,1,1,24,3,< 0 DM,very good,4 - 7 years,own,skilled,car,100 - 500 DM,0
0,1048,4,23,1,1,10,4,1 - 200 DM,very good,1 - 4 years,own,unskilled,furniture/appliances,< 100 DM,0
1,3160,4,41,1,1,21,3,unknown,good,> 7 years,own,skilled,furniture/appliances,unknown,0
1,2483,4,22,1,1,24,4,< 0 DM,very good,1 - 4 years,own,skilled,furniture/appliances,500 - 1000 DM,0
1,14179,4,30,1,2,39,4,< 0 DM,critical,4 - 7 years,own,management,furniture/appliances,unknown,0
0,1797,3,28,1,2,13,1,< 0 DM,critical,< 1 year,own,unskilled,business,< 100 DM,0
0,2511,1,23,1,1,15,4,< 0 DM,good,unemployed,rent,skilled,car,< 100 DM,0
0,1274,3,37,1,1,12,1,< 0 DM,good,< 1 year,own,unskilled,car,< 100 DM,1
0,5248,1,26,1,1,21,3,unknown,good,1 - 4 years,own,skilled,car,unknown,0
0,3029,2,33,1,1,15,2,unknown,good,4 - 7 years,own,skilled,car,< 100 DM,0
1,428,2,49,1,1,6,1,< 0 DM,good,> 7 years,own,skilled,furniture/appliances,< 100 DM,0
0,976,1,23,1,1,18,2,< 0 DM,good,< 1 year,own,unskilled,car,< 100 DM,1
0,841,2,23,1,1,12,4,1 - 200 DM,good,4 - 7 years,rent,unskilled,business,100 - 500 DM,0
0,5771,4,25,1,2,30,2,unknown,critical,4 - 7 years,own,skilled,furniture/appliances,< 100 DM,0
0,1555,4,55,2,2,12,4,unknown,poor,> 7 years,other,skilled,renovations,> 1000 DM,1
0,1285,4,32,1,1,24,4,< 0 DM,good,4 - 7 years,rent,skilled,car,unknown,1
0,1299,1,74,2,3,6,1,> 200 DM,critical,1 - 4 years,own,unemployed,car,< 100 DM,0
1,1271,3,39,1,2,15,4,> 200 DM,critical,1 - 4 years,other,skilled,furniture/appliances,unknown,1
1,1393,2,31,1,1,24,2,unknown,good,1 - 4 years,own,skilled,car,< 100 DM,0
0,691,4,35,1,2,12,3,< 0 DM,critical,> 7 years,own,skilled,car,< 100 DM,1
1,5045,1,59,1,1,15,4,unknown,critical,> 7 years,own,skilled,car,unknown,0
0,2124,4,24,1,2,18,4,< 0 DM,critical,1 - 4 years,rent,skilled,furniture/appliances,< 100 DM,1
0,2214,4,24,1,1,12,3,< 0 DM,good,1 - 4 years,own,unskilled,furniture/appliances,< 100 DM,0
1,12680,4,30,1,1,21,4,unknown,critical,> 7 years,other,management,car,unknown,1
1,2463,4,27,1,2,24,3,unknown,critical,4 - 7 years,own,skilled,car,100 - 500 DM,0
0,1155,3,40,1,2,12,3,1 - 200 DM,good,> 7 years,own,unskilled,furniture/appliances,< 100 DM,0
0,3108,2,31,1,1,30,4,< 0 DM,good,< 1 year,own,unskilled,furniture/appliances,< 100 DM,1
0,2901,1,31,1,1,10,4,unknown,good,< 1 year,rent,skilled,car,unknown,0
1,3617,1,28,1,3,12,4,1 - 200 DM,critical,> 7 years,rent,skilled,furniture/appliances,< 100 DM,0
1,1655,2,63,1,2,12,4,unknown,critical,> 7 years,own,unskilled,furniture/appliances,< 100 DM,0
0,2812,2,26,1,1,24,4,< 0 DM,good,> 7 years,rent,skilled,car,unknown,0
1,8065,3,25,1,2,36,2,< 0 DM,critical,1 - 4 years,own,management,education,< 100 DM,1
1,3275,1,36,1,1,21,4,unknown,critical,> 7 years,own,management,car,< 100 DM,0
0,2223,4,52,1,2,24,4,unknown,critical,> 7 years,own,skilled,furniture/appliances,100 - 500 DM,0
0,1480,2,66,1,3,12,4,> 200 DM,critical,unemployed,other,unemployed,car,500 - 1000 DM,0
0,1371,4,25,1,1,24,4,< 0 DM,good,1 - 4 years,rent,skilled,car,unknown,1
1,3535,4,37,1,2,36,4,unknown,critical,4 - 7 years,own,skilled,car,< 100 DM,0
0,3509,4,25,1,1,18,1,< 0 DM,good,4 - 7 years,own,skilled,furniture/appliances,< 100 DM,0
1,5711,4,38,1,2,36,2,unknown,critical,> 7 years,own,management,car,> 1000 DM,0
1,3872,2,67,1,1,18,4,1 - 200 DM,good,unemployed,own,skilled,renovations,< 100 DM,0
0,4933,2,25,1,2,39,2,1 - 200 DM,critical,4 - 7 years,own,skilled,furniture/appliances,< 100 DM,1
1,1940,4,60,1,1,24,4,unknown,critical,> 7 years,own,skilled,car,> 1000 DM,0
1,1410,2,31,1,1,12,2,1 - 200 DM,perfect,1 - 4 years,own,unskilled,education,< 100 DM,0
0,836,4,23,1,1,12,2,1 - 200 DM,good,< 1 year,own,unskilled,car,100 - 500 DM,1
1,6468,1,60,1,1,20,4,1 - 200 DM,good,unemployed,own,management,car,unknown,0
1,1941,4,35,1,1,18,2,1 - 200 DM,good,1 - 4 years,own,unskilled,business,> 1000 DM,0
0,2675,3,40,1,1,22,4,unknown,good,> 7 years,own,skilled,furniture/appliances,500 - 1000 DM,0
1,2751,4,38,2,2,48,3,unknown,critical,> 7 years,own,skilled,car,unknown,0
0,6224,4,50,1,1,48,4,1 - 200 DM,poor,> 7 years,other,skilled,education,< 100 DM,1
1,5998,4,27,1,1,40,3,< 0 DM,critical,1 - 4 years,own,skilled,education,< 100 DM,1
0,1188,2,39,2,1,21,4,1 - 200 DM,good,> 7 years,own,skilled,business,< 100 DM,1
1,6313,3,41,2,1,24,4,unknown,good,> 7 years,own,management,car,unknown,0
0,1221,1,27,1,2,6,2,unknown,critical,1 - 4 years,own,skilled,furniture/appliances,unknown,0
0,2892,3,51,1,1,24,4,> 200 DM,good,> 7 years,other,skilled,furniture/appliances,< 100 DM,0
1,3062,4,32,1,1,24,3,unknown,good,> 7 years,rent,skilled,furniture/appliances,500 - 1000 DM,0
0,2301,2,22,1,1,9,4,unknown,good,< 1 year,rent,skilled,furniture/appliances,100 - 500 DM,0
1,7511,1,51,2,1,18,4,< 0 DM,good,> 7 years,other,skilled,car,unknown,1
0,1258,2,22,1,2,12,4,unknown,critical,< 1 year,rent,unskilled,furniture/appliances,< 100 DM,0
1,717,4,54,1,2,24,4,unknown,poor,> 7 years,own,skilled,car,unknown,0
0,1549,4,35,1,1,9,2,1 - 200 DM,good,< 1 year,own,unemployed,car,unknown,0
0,1597,4,54,2,2,24,4,unknown,critical,> 7 years,other,skilled,education,< 100 DM,0
1,1795,3,48,1,2,18,4,1 - 200 DM,critical,> 7 years,rent,unskilled,furniture/appliances,< 100 DM,0
0,4272,1,24,1,2,20,4,< 0 DM,critical,> 7 years,own,skilled,furniture/appliances,< 100 DM,0
0,976,4,35,1,2,12,4,unknown,critical,> 7 years,own,skilled,furniture/appliances,unknown,0
0,7472,1,24,1,1,12,2,1 - 200 DM,good,unemployed,rent,unemployed,car,unknown,0
1,9271,2,24,1,1,36,1,< 0 DM,good,4 - 7 years,own,skilled,car,< 100 DM,1
0,590,3,26,1,1,6,3,1 - 200 DM,good,< 1 year,own,unskilled,furniture/appliances,< 100 DM,0
0,930,4,65,1,4,12,4,unknown,critical,> 7 years,own,skilled,furniture/appliances,unknown,0
1,9283,1,55,1,1,42,2,1 - 200 DM,very good,unemployed,other,management,car,< 100 DM,0
0,1778,2,26,1,2,15,1,1 - 200 DM,perfect,< 1 year,rent,unemployed,car,< 100 DM,1
1,907,3,26,1,1,8,2,1 - 200 DM,good,< 1 year,own,skilled,business,< 100 DM,0
0,484,3,28,1,1,6,3,1 - 200 DM,good,4 - 7 years,own,unskilled,furniture/appliances,< 100 DM,0
1,9629,4,24,1,2,36,4,< 0 DM,critical,4 - 7 years,own,skilled,car,< 100 DM,1
0,3051,3,54,1,1,48,4,< 0 DM,good,1 - 4 years,own,skilled,furniture/appliances,< 100 DM,1
0,3931,4,46,2,1,48,4,< 0 DM,good,4 - 7 years,other,skilled,car,< 100 DM,1
0,7432,2,54,1,1,36,2,1 - 200 DM,poor,1 - 4 years,rent,skilled,car,< 100 DM,0
0,1338,1,62,1,1,6,4,unknown,good,1 - 4 years,own,skilled,furniture/appliances,500 - 1000 DM,0
1,1554,1,24,1,2,6,2,unknown,critical,4 - 7 years,rent,skilled,furniture/appliances,< 100 DM,0
0,15857,2,43,1,1,36,3,< 0 DM,good,unemployed,own,management,car0,< 100 DM,0
0,1345,4,26,1,1,18,3,< 0 DM,good,1 - 4 years,own,skilled,furniture/appliances,< 100 DM,1
1,1101,3,27,1,2,12,2,unknown,good,1 - 4 years,own,skilled,car,< 100 DM,0
0,3016,3,24,1,1,12,1,> 200 DM,good,1 - 4 years,own,skilled,furniture/appliances,< 100 DM,0
0,2712,2,41,2,1,36,2,< 0 DM,good,> 7 years,own,skilled,furniture/appliances,< 100 DM,1
0,731,4,47,1,2,8,4,< 0 DM,critical,> 7 years,own,unskilled,car,< 100 DM,0
1,3780,3,35,1,2,18,2,unknown,critical,< 1 year,own,management,furniture/appliances,< 100 DM,0
1,1602,4,30,1,2,21,3,< 0 DM,critical,> 7 years,own,skilled,car,< 100 DM,0
1,3966,1,33,1,3,18,4,< 0 DM,critical,> 7 years,rent,skilled,car,< 100 DM,1
0,4165,2,36,2,2,18,2,unknown,perfect,1 - 4 years,own,skilled,business,< 100 DM,1
0,8335,3,47,1,1,36,4,< 0 DM,good,> 7 years,other,skilled,car,unknown,1
1,6681,4,38,2,1,48,4,1 - 200 DM,poor,1 - 4 years,other,skilled,business,unknown,0
1,2375,4,44,2,2,24,2,unknown,poor,1 - 4 years,own,skilled,business,500 - 1000 DM,0
1,1216,4,23,1,1,18,3,< 0 DM,good,< 1 year,rent,skilled,car,< 100 DM,1
0,11816,2,29,1,2,45,4,< 0 DM,perfect,> 7 years,rent,skilled,business,< 100 DM,1
1,5084,2,42,1,1,24,4,1 - 200 DM,good,> 7 years,own,skilled,furniture/appliances,unknown,0
0,2327,2,25,1,1,15,3,> 200 DM,good,< 1 year,own,unskilled,furniture/appliances,< 100 DM,1
0,1082,4,48,1,2,12,4,< 0 DM,perfect,1 - 4 years,own,skilled,car,< 100 DM,1
0,886,4,21,1,1,12,2,unknown,good,1 - 4 years,own,skilled,furniture/appliances,unknown,0
0,601,1,23,2,1,4,3,unknown,good,< 1 year,rent,unskilled,furniture/appliances,< 100 DM,0
1,2957,4,63,1,2,24,4,< 0 DM,critical,> 7 years,own,skilled,car,< 100 DM,0
0,2611,4,46,1,2,24,3,unknown,critical,> 7 years,own,skilled,furniture/appliances,< 100 DM,0
